Entity,Code,Year,Wind capacity (total) (GW)
Afghanistan,AFG,2012,0.000100000005
Afghanistan,AFG,2013,0.000100000005
Afghanistan,AFG,2014,0.000100000005
Afghanistan,AFG,2015,0.000100000005
Afghanistan,AFG,2016,0.000100000005
Afghanistan,AFG,2017,0.00040000002
Afghanistan,AFG,2018,0.00040000002
Afghanistan,AFG,2019,0.00040000002
Afghanistan,AFG,2020,0.00040000002
Afghanistan,AFG,2021,0.00040000002
Afghanistan,AFG,2022,0.00040000002
Afghanistan,AFG,2023,0.00040000002
Africa,,2000,0.13905
Africa,,2001,0.13905
Africa,,2002,0.14431
Africa,,2003,0.15379001
Africa,,2004,0.23611
Africa,,2005,0.24018
Africa,,2006,0.327905
Africa,,2007,0.47010002
Africa,,2008,0.5553
Africa,,2009,0.74240005
Africa,,2010,0.86477697
Africa,,2011,0.994982
Africa,,2012,1.131994
Africa,,2013,1.7418339
Africa,,2014,2.3993979
Africa,,2015,3.3202682
Africa,,2016,3.831394
Africa,,2017,4.5782633
Africa,,2018,5.470653
Africa,,2019,5.527853
Africa,,2020,6.513753
Africa,,2021,6.908753
Africa,,2022,7.744853
Africa,,2023,8.653628
Algeria,DZA,2014,0.010199999
Algeria,DZA,2015,0.010199999
Algeria,DZA,2016,0.010199999
Algeria,DZA,2017,0.010199999
Algeria,DZA,2018,0.01
Algeria,DZA,2019,0.01
Algeria,DZA,2020,0.01
Algeria,DZA,2021,0.01
Algeria,DZA,2022,0.01
Algeria,DZA,2023,0.01
Argentina,ARG,2000,0.006543
Argentina,ARG,2001,0.000069
Argentina,ARG,2002,0.0027690001
Argentina,ARG,2003,0.000069
Argentina,ARG,2004,0.000069
Argentina,ARG,2005,0.000069
Argentina,ARG,2006,0.000069
Argentina,ARG,2007,0.000069
Argentina,ARG,2008,0.000071
Argentina,ARG,2009,0.00088
Argentina,ARG,2010,0.001134
Argentina,ARG,2011,0.007433
Argentina,ARG,2012,0.110033005
Argentina,ARG,2013,0.163032
Argentina,ARG,2014,0.18824
Argentina,ARG,2015,0.18824
Argentina,ARG,2016,0.18824
Argentina,ARG,2017,0.22755499
Argentina,ARG,2018,0.751155
Argentina,ARG,2019,1.6094551
Argentina,ARG,2020,2.624
Argentina,ARG,2021,3.2922199
Argentina,ARG,2022,3.31022
Argentina,ARG,2023,3.70632
Armenia,ARM,2005,0.00264
Armenia,ARM,2006,0.00264
Armenia,ARM,2007,0.00264
Armenia,ARM,2008,0.00264
Armenia,ARM,2009,0.00264
Armenia,ARM,2010,0.00264
Armenia,ARM,2011,0.00264
Armenia,ARM,2012,0.00264
Armenia,ARM,2013,0.00264
Armenia,ARM,2014,0.00264
Armenia,ARM,2015,0.0026
Armenia,ARM,2016,0.002925
Armenia,ARM,2017,0.002925
Armenia,ARM,2018,0.002925
Armenia,ARM,2019,0.002925
Armenia,ARM,2020,0.002925
Armenia,ARM,2021,0.002925
Armenia,ARM,2022,0.002925
Armenia,ARM,2023,0.0029000002
Aruba,ABW,2009,0.03
Aruba,ABW,2010,0.03
Aruba,ABW,2011,0.03
Aruba,ABW,2012,0.03
Aruba,ABW,2013,0.03
Aruba,ABW,2014,0.03
Aruba,ABW,2015,0.03
Aruba,ABW,2016,0.03
Aruba,ABW,2017,0.03
Aruba,ABW,2018,0.03
Aruba,ABW,2019,0.03
Aruba,ABW,2020,0.03
Aruba,ABW,2021,0.03
Aruba,ABW,2022,0.03
Aruba,ABW,2023,0.03
Asia,,2000,1.410005
Asia,,2001,2.171412
Asia,,2002,2.3949518
Asia,,2003,3.58896
Asia,,2004,5.43746
Asia,,2005,6.9485
Asia,,2006,10.623893
Asia,,2007,14.211563
Asia,,2008,21.427572
Asia,,2009,32.20523
Asia,,2010,47.511944
Asia,,2011,67.86741
Asia,,2012,85.19065
Asia,,2013,102.42973
Asia,,2014,128.13693
Asia,,2015,166.60504
Asia,,2016,190.34308
Asia,,2017,212.06569
Asia,,2018,236.81203
Asia,,2019,266.13647
Asia,,2020,341.7977
Asia,,2021,396.49313
Asia,,2022,439.38123
Asia,,2023,522.11017
Australia,AUS,2000,0.033
Australia,AUS,2001,0.076
Australia,AUS,2002,0.106
Australia,AUS,2003,0.19
Australia,AUS,2004,0.379
Australia,AUS,2005,0.74
Australia,AUS,2006,0.819
Australia,AUS,2007,1.249
Australia,AUS,2008,1.441
Australia,AUS,2009,1.703
Australia,AUS,2010,1.864
Australia,AUS,2011,2.127
Australia,AUS,2012,2.561
Australia,AUS,2013,3.221
Australia,AUS,2014,3.797
Australia,AUS,2015,4.181
Australia,AUS,2016,4.324
Australia,AUS,2017,5.407
Australia,AUS,2018,6.409
Australia,AUS,2019,7.881
Australia,AUS,2020,10.207
Australia,AUS,2021,10.555
Australia,AUS,2022,10.555
Australia,AUS,2023,11.327
Austria,AUT,2000,0.05
Austria,AUT,2001,0.067
Austria,AUT,2002,0.109
Austria,AUT,2003,0.322
Austria,AUT,2004,0.581
Austria,AUT,2005,0.825219
Austria,AUT,2006,0.968269
Austria,AUT,2007,0.991159
Austria,AUT,2008,0.991974
Austria,AUT,2009,1.000985
Austria,AUT,2010,1.015828
Austria,AUT,2011,1.105966
Austria,AUT,2012,1.33715
Austria,AUT,2013,1.674538
Austria,AUT,2014,2.1102748
Austria,AUT,2015,2.4887261
Austria,AUT,2016,2.7299962
Austria,AUT,2017,2.886698
Austria,AUT,2018,3.1327128
Austria,AUT,2019,3.224117
Austria,AUT,2020,3.225979
Austria,AUT,2021,3.407811
Austria,AUT,2022,3.579236
Austria,AUT,2023,3.977236
Azerbaijan,AZE,2009,0.002
Azerbaijan,AZE,2010,0.002
Azerbaijan,AZE,2011,0.002
Azerbaijan,AZE,2012,0.002
Azerbaijan,AZE,2013,0.0027
Azerbaijan,AZE,2014,0.0027
Azerbaijan,AZE,2015,0.008
Azerbaijan,AZE,2016,0.0157
Azerbaijan,AZE,2017,0.0157
Azerbaijan,AZE,2018,0.066
Azerbaijan,AZE,2019,0.066
Azerbaijan,AZE,2020,0.066
Azerbaijan,AZE,2021,0.066
Azerbaijan,AZE,2022,0.064
Azerbaijan,AZE,2023,0.0665
Bahamas,BHS,2011,0.0003
Bahamas,BHS,2012,0.0003
Bahamas,BHS,2013,0.0003
Bahamas,BHS,2014,0.0003
Bahamas,BHS,2015,0.0003
Bahamas,BHS,2016,0.0003
Bahamas,BHS,2017,0.0003
Bahamas,BHS,2018,0.0003
Bahamas,BHS,2019,0.0003
Bahamas,BHS,2020,0.0003
Bahamas,BHS,2021,0.0003
Bahamas,BHS,2022,0.0003
Bahamas,BHS,2023,0.0003
Bahrain,BHR,2008,0.000675
Bahrain,BHR,2009,0.000675
Bahrain,BHR,2010,0.000675
Bahrain,BHR,2011,0.000675
Bahrain,BHR,2012,0.000675
Bahrain,BHR,2013,0.000675
Bahrain,BHR,2014,0.000675
Bahrain,BHR,2015,0.000675
Bahrain,BHR,2016,0.000675
Bahrain,BHR,2017,0.000675
Bahrain,BHR,2018,0.000675
Bahrain,BHR,2019,0.000675
Bahrain,BHR,2020,0.000675
Bahrain,BHR,2021,0.000675
Bahrain,BHR,2022,0.0026749999
Bahrain,BHR,2023,0.0026749999
Bangladesh,BGD,2006,0.0009
Bangladesh,BGD,2007,0.0009
Bangladesh,BGD,2008,0.0019
Bangladesh,BGD,2009,0.0019
Bangladesh,BGD,2010,0.0019
Bangladesh,BGD,2011,0.0019
Bangladesh,BGD,2012,0.0019
Bangladesh,BGD,2013,0.0019
Bangladesh,BGD,2014,0.0019
Bangladesh,BGD,2015,0.0029000002
Bangladesh,BGD,2016,0.0029000002
Bangladesh,BGD,2017,0.0029000002
Bangladesh,BGD,2018,0.0029000002
Bangladesh,BGD,2019,0.0029000002
Bangladesh,BGD,2020,0.0029000002
Bangladesh,BGD,2021,0.0029000002
Bangladesh,BGD,2022,0.0029000002
Bangladesh,BGD,2023,0.0029000002
Barbados,BRB,2000,0.00004
Barbados,BRB,2001,0.00004
Barbados,BRB,2002,0.00004
Barbados,BRB,2003,0.00004
Barbados,BRB,2004,0.00004
Barbados,BRB,2005,0.00004
Barbados,BRB,2006,0.00004
Barbados,BRB,2007,0.00004
Barbados,BRB,2008,0.00004
Barbados,BRB,2009,0.00004
Barbados,BRB,2010,0.00004
Barbados,BRB,2011,0.00004
Barbados,BRB,2012,0.00004
Barbados,BRB,2013,0.00004
Barbados,BRB,2014,0.00004
Barbados,BRB,2015,0.00004
Barbados,BRB,2016,0.00006
Barbados,BRB,2017,0.00006
Barbados,BRB,2018,0.00006
Barbados,BRB,2019,0.00006
Barbados,BRB,2020,0.00006
Barbados,BRB,2021,0.00006
Barbados,BRB,2022,0.00116
Barbados,BRB,2023,0.00116
Belarus,BLR,2000,0.00025
Belarus,BLR,2001,0.0006
Belarus,BLR,2002,0.0011
Belarus,BLR,2003,0.0011
Belarus,BLR,2004,0.0011
Belarus,BLR,2005,0.0011
Belarus,BLR,2006,0.0011
Belarus,BLR,2007,0.0019
Belarus,BLR,2008,0.0019
Belarus,BLR,2009,0.0019
Belarus,BLR,2010,0.0019
Belarus,BLR,2011,0.002
Belarus,BLR,2012,0.005
Belarus,BLR,2013,0.007
Belarus,BLR,2014,0.009
Belarus,BLR,2015,0.022
Belarus,BLR,2016,0.062
Belarus,BLR,2017,0.084
Belarus,BLR,2018,0.092
Belarus,BLR,2019,0.112
Belarus,BLR,2020,0.112
Belarus,BLR,2021,0.1117
Belarus,BLR,2022,0.12
Belarus,BLR,2023,0.122
Belgium,BEL,2000,0.014
Belgium,BEL,2001,0.026
Belgium,BEL,2002,0.031
Belgium,BEL,2003,0.067
Belgium,BEL,2004,0.096
Belgium,BEL,2005,0.167
Belgium,BEL,2006,0.212
Belgium,BEL,2007,0.276
Belgium,BEL,2008,0.324
Belgium,BEL,2009,0.608
Belgium,BEL,2010,0.912
Belgium,BEL,2011,1.069
Belgium,BEL,2012,1.3669
Belgium,BEL,2013,1.769
Belgium,BEL,2014,1.9326999
Belgium,BEL,2015,2.1813002
Belgium,BEL,2016,2.3338
Belgium,BEL,2017,2.7793999
Belgium,BEL,2018,3.3049
Belgium,BEL,2019,3.8635
Belgium,BEL,2020,4.6727004
Belgium,BEL,2021,4.9484005
Belgium,BEL,2022,5.3034005
Belgium,BEL,2023,5.5035496
Belize,BLZ,2000,0.00002
Belize,BLZ,2001,0.00002
Belize,BLZ,2002,0.00002
Belize,BLZ,2003,0.00002
Belize,BLZ,2004,0.00002
Belize,BLZ,2005,0.00002
Belize,BLZ,2006,0.00002
Belize,BLZ,2007,0.00002
Belize,BLZ,2008,0.00002
Belize,BLZ,2009,0.00002
Belize,BLZ,2010,0.00002
Belize,BLZ,2011,0.00002
Belize,BLZ,2012,0.00002
Belize,BLZ,2013,0.00002
Belize,BLZ,2014,0.00002
Belize,BLZ,2015,0.00002
Belize,BLZ,2016,0.00002
Belize,BLZ,2017,0.00002
Belize,BLZ,2018,0.00002
Belize,BLZ,2019,0.00002
Belize,BLZ,2020,0.00002
Belize,BLZ,2021,0.00002
Belize,BLZ,2022,0.00002
Belize,BLZ,2023,0.00002
Bhutan,BTN,2015,0.0006
Bhutan,BTN,2016,0.0006
Bhutan,BTN,2017,0.0006
Bhutan,BTN,2018,0.0006
Bhutan,BTN,2019,0.0006
Bhutan,BTN,2020,0.0006
Bhutan,BTN,2021,0.0006
Bhutan,BTN,2022,0.0006
Bhutan,BTN,2023,0.0006
Bolivia,BOL,2010,0.000100000005
Bolivia,BOL,2011,0.000100000005
Bolivia,BOL,2012,0.000100000005
Bolivia,BOL,2014,0.003
Bolivia,BOL,2015,0.003
Bolivia,BOL,2016,0.027
Bolivia,BOL,2017,0.027
Bolivia,BOL,2018,0.027
Bolivia,BOL,2019,0.027
Bolivia,BOL,2020,0.027
Bolivia,BOL,2021,0.1278
Bolivia,BOL,2022,0.1278
Bolivia,BOL,2023,0.135
Bonaire Sint Eustatius and Saba,BES,2007,0.00033
Bonaire Sint Eustatius and Saba,BES,2008,0.00033
Bonaire Sint Eustatius and Saba,BES,2009,0.010229999
Bonaire Sint Eustatius and Saba,BES,2010,0.010229999
Bonaire Sint Eustatius and Saba,BES,2011,0.010229999
Bonaire Sint Eustatius and Saba,BES,2012,0.010229999
Bonaire Sint Eustatius and Saba,BES,2013,0.01113
Bonaire Sint Eustatius and Saba,BES,2014,0.01113
Bonaire Sint Eustatius and Saba,BES,2015,0.01113
Bonaire Sint Eustatius and Saba,BES,2016,0.01113
Bonaire Sint Eustatius and Saba,BES,2017,0.01113
Bonaire Sint Eustatius and Saba,BES,2018,0.01113
Bonaire Sint Eustatius and Saba,BES,2019,0.01113
Bonaire Sint Eustatius and Saba,BES,2020,0.01113
Bonaire Sint Eustatius and Saba,BES,2021,0.01113
Bonaire Sint Eustatius and Saba,BES,2022,0.01113
Bonaire Sint Eustatius and Saba,BES,2023,0.01113
Bosnia and Herzegovina,BIH,2011,0.0003
Bosnia and Herzegovina,BIH,2012,0.0003
Bosnia and Herzegovina,BIH,2013,0.0003
Bosnia and Herzegovina,BIH,2014,0.0003
Bosnia and Herzegovina,BIH,2015,0.0003
Bosnia and Herzegovina,BIH,2016,0.0003
Bosnia and Herzegovina,BIH,2017,0.0003
Bosnia and Herzegovina,BIH,2018,0.051
Bosnia and Herzegovina,BIH,2019,0.087
Bosnia and Herzegovina,BIH,2020,0.087
Bosnia and Herzegovina,BIH,2021,0.135
Bosnia and Herzegovina,BIH,2022,0.135
Bosnia and Herzegovina,BIH,2023,0.135
Brazil,BRA,2000,0.022
Brazil,BRA,2001,0.024
Brazil,BRA,2002,0.022
Brazil,BRA,2003,0.024
Brazil,BRA,2004,0.024
Brazil,BRA,2005,0.029
Brazil,BRA,2006,0.237
Brazil,BRA,2007,0.247
Brazil,BRA,2008,0.398
Brazil,BRA,2009,0.602
Brazil,BRA,2010,0.927
Brazil,BRA,2011,1.426
Brazil,BRA,2012,1.894
Brazil,BRA,2013,2.20202
Brazil,BRA,2014,4.8880534
Brazil,BRA,2015,7.633112
Brazil,BRA,2016,10.129125
Brazil,BRA,2017,12.304243
Brazil,BRA,2018,14.843077
Brazil,BRA,2019,15.438379
Brazil,BRA,2020,17.19831
Brazil,BRA,2021,21.161346
Brazil,BRA,2022,24.16314
Brazil,BRA,2023,29.13512
British Virgin Islands,VGB,2010,0.0005
British Virgin Islands,VGB,2011,0.0005
British Virgin Islands,VGB,2012,0.0005
British Virgin Islands,VGB,2013,0.0005
British Virgin Islands,VGB,2014,0.0005
British Virgin Islands,VGB,2015,0.0005
British Virgin Islands,VGB,2016,0.0005
British Virgin Islands,VGB,2017,0.0005
British Virgin Islands,VGB,2018,0.0005
British Virgin Islands,VGB,2019,0.000801
British Virgin Islands,VGB,2020,0.000801
British Virgin Islands,VGB,2021,0.000801
British Virgin Islands,VGB,2022,0.000801
British Virgin Islands,VGB,2023,0.000801
Bulgaria,BGR,2004,0.001
Bulgaria,BGR,2005,0.008
Bulgaria,BGR,2006,0.027
Bulgaria,BGR,2007,0.03
Bulgaria,BGR,2008,0.114
Bulgaria,BGR,2009,0.333
Bulgaria,BGR,2010,0.488
Bulgaria,BGR,2011,0.541
Bulgaria,BGR,2012,0.677
Bulgaria,BGR,2013,0.683
Bulgaria,BGR,2014,0.699
Bulgaria,BGR,2015,0.699
Bulgaria,BGR,2016,0.699
Bulgaria,BGR,2017,0.69839
Bulgaria,BGR,2018,0.69892
Bulgaria,BGR,2019,0.70312
Bulgaria,BGR,2020,0.7028
Bulgaria,BGR,2021,0.704375
Bulgaria,BGR,2022,0.702085
Bulgaria,BGR,2023,0.702085
Cambodia,KHM,2009,0.00025
Cambodia,KHM,2010,0.00025
Cambodia,KHM,2011,0.00025
Cambodia,KHM,2012,0.00025
Cambodia,KHM,2013,0.00025
Cambodia,KHM,2014,0.00025
Cambodia,KHM,2015,0.00025
Cambodia,KHM,2016,0.00025
Cambodia,KHM,2017,0.00025
Cambodia,KHM,2018,0.00025
Cambodia,KHM,2019,0.00025
Cambodia,KHM,2020,0.00025
Cambodia,KHM,2021,0.00025
Cambodia,KHM,2022,0.00025
Cambodia,KHM,2023,0.00025
Canada,CAN,2000,0.092
Canada,CAN,2001,0.131
Canada,CAN,2002,0.161
Canada,CAN,2003,0.327
Canada,CAN,2004,0.444
Canada,CAN,2005,0.677
Canada,CAN,2006,1.423
Canada,CAN,2007,1.84
Canada,CAN,2008,2.336
Canada,CAN,2009,3.282
Canada,CAN,2010,3.967
Canada,CAN,2011,5.265
Canada,CAN,2012,6.201
Canada,CAN,2013,7.801
Canada,CAN,2014,9.694
Canada,CAN,2015,11.214
Canada,CAN,2016,11.973
Canada,CAN,2017,12.25
Canada,CAN,2018,12.816
Canada,CAN,2019,13.22
Canada,CAN,2020,13.735477
Canada,CAN,2021,14.259078
Canada,CAN,2022,15.264977
Canada,CAN,2023,16.989418
Cape Verde,CPV,2002,0.0021
Cape Verde,CPV,2003,0.0026800002
Cape Verde,CPV,2004,0.0024
Cape Verde,CPV,2005,0.0024
Cape Verde,CPV,2006,0.0021
Cape Verde,CPV,2007,0.0021
Cape Verde,CPV,2008,0.0021
Cape Verde,CPV,2009,0.0021
Cape Verde,CPV,2010,0.0018
Cape Verde,CPV,2011,0.017
Cape Verde,CPV,2012,0.0272
Cape Verde,CPV,2013,0.0272
Cape Verde,CPV,2014,0.0272
Cape Verde,CPV,2015,0.0272
Cape Verde,CPV,2016,0.0272
Cape Verde,CPV,2017,0.0272
Cape Verde,CPV,2018,0.026899999
Cape Verde,CPV,2019,0.026899999
Cape Verde,CPV,2020,0.026899999
Cape Verde,CPV,2021,0.026899999
Cape Verde,CPV,2022,0.026899999
Cape Verde,CPV,2023,0.0268
Cayman Islands,CYM,2018,0.00080000004
Cayman Islands,CYM,2019,0.00080000004
Cayman Islands,CYM,2020,0.00080000004
Cayman Islands,CYM,2021,0.00080000004
Cayman Islands,CYM,2022,0.00080000004
Cayman Islands,CYM,2023,0.00080000004
Chad,TCD,2016,0.0011
Chad,TCD,2017,0.0011
Chad,TCD,2018,0.0011
Chad,TCD,2019,0.0011
Chad,TCD,2020,0.0011
Chad,TCD,2021,0.0011
Chad,TCD,2022,0.0011
Chad,TCD,2023,0.0011
Chile,CHL,2001,0.002
Chile,CHL,2002,0.002
Chile,CHL,2003,0.002
Chile,CHL,2004,0.002
Chile,CHL,2005,0.002
Chile,CHL,2006,0.002
Chile,CHL,2007,0.02
Chile,CHL,2008,0.02
Chile,CHL,2009,0.163
Chile,CHL,2010,0.163
Chile,CHL,2011,0.184
Chile,CHL,2012,0.202
Chile,CHL,2013,0.294702
Chile,CHL,2014,0.73193103
Chile,CHL,2015,0.906898
Chile,CHL,2016,1.034198
Chile,CHL,2017,1.305448
Chile,CHL,2018,1.5238299
Chile,CHL,2019,1.620074
Chile,CHL,2020,2.340396
Chile,CHL,2021,3.137006
Chile,CHL,2022,3.829679
Chile,CHL,2023,4.510214
China,CHN,2000,0.341
China,CHN,2001,0.383
China,CHN,2002,0.449
China,CHN,2003,0.547
China,CHN,2004,0.763
China,CHN,2005,1.06
China,CHN,2006,2.07
China,CHN,2007,4.2
China,CHN,2008,8.387728
China,CHN,2009,17.59941
China,CHN,2010,29.633478
China,CHN,2011,46.354603
China,CHN,2012,61.596874
China,CHN,2013,76.73053
China,CHN,2014,96.81913
China,CHN,2015,131.04773
China,CHN,2016,148.51689
China,CHN,2017,164.37448
China,CHN,2018,184.66489
China,CHN,2019,209.58191
China,CHN,2020,281.99265
China,CHN,2021,328.97345
China,CHN,2022,365.96417
China,CHN,2023,441.89493
Colombia,COL,2004,0.02
Colombia,COL,2005,0.01
Colombia,COL,2006,0.01842
Colombia,COL,2007,0.01842
Colombia,COL,2008,0.01842
Colombia,COL,2009,0.01842
Colombia,COL,2010,0.01842
Colombia,COL,2011,0.01842
Colombia,COL,2012,0.01842
Colombia,COL,2013,0.01842
Colombia,COL,2014,0.01842
Colombia,COL,2015,0.01842
Colombia,COL,2016,0.01842
Colombia,COL,2017,0.01842
Colombia,COL,2018,0.01842
Colombia,COL,2019,0.01842
Colombia,COL,2020,0.01842
Colombia,COL,2021,0.01842
Colombia,COL,2022,0.01842
Colombia,COL,2023,0.01842
Cook Islands,COK,2003,0.00004
Cook Islands,COK,2004,0.00004
Cook Islands,COK,2005,0.00004
Cook Islands,COK,2006,0.00004
Cook Islands,COK,2007,0.00004
Costa Rica,CRI,2000,0.04245
Costa Rica,CRI,2001,0.06225
Costa Rica,CRI,2002,0.06225
Costa Rica,CRI,2003,0.068550006
Costa Rica,CRI,2004,0.068550006
Costa Rica,CRI,2005,0.068550006
Costa Rica,CRI,2006,0.068550006
Costa Rica,CRI,2007,0.069919996
Costa Rica,CRI,2008,0.069919996
Costa Rica,CRI,2009,0.119625
Costa Rica,CRI,2010,0.119625
Costa Rica,CRI,2011,0.132785
Costa Rica,CRI,2012,0.14808501
Costa Rica,CRI,2013,0.14808501
Costa Rica,CRI,2014,0.196465
Costa Rica,CRI,2015,0.278145
Costa Rica,CRI,2016,0.319145
Costa Rica,CRI,2017,0.37782502
Costa Rica,CRI,2018,0.40777498
Costa Rica,CRI,2019,0.41092002
Costa Rica,CRI,2020,0.39352
Costa Rica,CRI,2021,0.39022
Costa Rica,CRI,2022,0.39022
Costa Rica,CRI,2023,0.40761998
Croatia,HRV,2004,0.006
Croatia,HRV,2005,0.006
Croatia,HRV,2006,0.017
Croatia,HRV,2007,0.017
Croatia,HRV,2008,0.017
Croatia,HRV,2009,0.07
Croatia,HRV,2010,0.079
Croatia,HRV,2011,0.13
Croatia,HRV,2012,0.18
Croatia,HRV,2013,0.254
Croatia,HRV,2014,0.339
Croatia,HRV,2015,0.418
Croatia,HRV,2016,0.483
Croatia,HRV,2017,0.5761
Croatia,HRV,2018,0.5863
Croatia,HRV,2019,0.64629996
Croatia,HRV,2020,0.8013
Croatia,HRV,2021,0.98690003
Croatia,HRV,2022,0.98690003
Croatia,HRV,2023,1.1429
Cuba,CUB,2000,0.0005
Cuba,CUB,2001,0.0005
Cuba,CUB,2002,0.0005
Cuba,CUB,2003,0.0005
Cuba,CUB,2004,0.0005
Cuba,CUB,2005,0.0043
Cuba,CUB,2006,0.0043
Cuba,CUB,2007,0.0059499997
Cuba,CUB,2008,0.01105
Cuba,CUB,2009,0.01105
Cuba,CUB,2010,0.015550001
Cuba,CUB,2011,0.015550001
Cuba,CUB,2012,0.015550001
Cuba,CUB,2013,0.015550001
Cuba,CUB,2014,0.015550001
Cuba,CUB,2015,0.06555
Cuba,CUB,2016,0.06555
Cuba,CUB,2017,0.06555
Cuba,CUB,2018,0.06555
Cuba,CUB,2019,0.066
Cuba,CUB,2020,0.066
Cuba,CUB,2021,0.066
Cuba,CUB,2022,0.066
Cuba,CUB,2023,0.066
Curacao,CUW,2000,0.012
Curacao,CUW,2001,0.012
Curacao,CUW,2002,0.012
Curacao,CUW,2003,0.012
Curacao,CUW,2004,0.012
Curacao,CUW,2005,0.012
Curacao,CUW,2006,0.012
Curacao,CUW,2007,0.012
Curacao,CUW,2008,0.012
Curacao,CUW,2009,0.012
Curacao,CUW,2010,0.012
Curacao,CUW,2011,0.012
Curacao,CUW,2012,0.03
Curacao,CUW,2013,0.03
Curacao,CUW,2014,0.03
Curacao,CUW,2015,0.03
Curacao,CUW,2016,0.03
Curacao,CUW,2017,0.0465
Curacao,CUW,2018,0.0465
Curacao,CUW,2019,0.0465
Curacao,CUW,2020,0.0465
Curacao,CUW,2021,0.0465
Curacao,CUW,2022,0.0465
Curacao,CUW,2023,0.0465
Cyprus,CYP,2004,0.000225
Cyprus,CYP,2005,0.000225
Cyprus,CYP,2006,0.000225
Cyprus,CYP,2007,0.000225
Cyprus,CYP,2008,0.000225
Cyprus,CYP,2009,0.000225
Cyprus,CYP,2010,0.082224995
Cyprus,CYP,2011,0.13422501
Cyprus,CYP,2012,0.147225
Cyprus,CYP,2013,0.147225
Cyprus,CYP,2014,0.147225
Cyprus,CYP,2015,0.157725
Cyprus,CYP,2016,0.157725
Cyprus,CYP,2017,0.157725
Cyprus,CYP,2018,0.157725
Cyprus,CYP,2019,0.157725
Cyprus,CYP,2020,0.157725
Cyprus,CYP,2021,0.1575
Cyprus,CYP,2022,0.1575
Cyprus,CYP,2023,0.158
Czechia,CZE,2000,0.002
Czechia,CZE,2002,0.0064000003
Czechia,CZE,2003,0.010600001
Czechia,CZE,2004,0.0165
Czechia,CZE,2005,0.022
Czechia,CZE,2006,0.0435
Czechia,CZE,2007,0.113800004
Czechia,CZE,2008,0.15
Czechia,CZE,2009,0.193
Czechia,CZE,2010,0.213
Czechia,CZE,2011,0.213
Czechia,CZE,2012,0.258
Czechia,CZE,2013,0.262
Czechia,CZE,2014,0.278
Czechia,CZE,2015,0.281
Czechia,CZE,2016,0.282
Czechia,CZE,2017,0.30820498
Czechia,CZE,2018,0.31620002
Czechia,CZE,2019,0.339414
Czechia,CZE,2020,0.339424
Czechia,CZE,2021,0.339414
Czechia,CZE,2022,0.339095
Czechia,CZE,2023,0.343395
Denmark,DNK,2000,2.390015
Denmark,DNK,2001,2.4971528
Denmark,DNK,2002,2.894531
Denmark,DNK,2003,3.119916
Denmark,DNK,2004,3.123712
Denmark,DNK,2005,3.1278362
Denmark,DNK,2006,3.135696
Denmark,DNK,2007,3.1242142
Denmark,DNK,2008,3.1628702
Denmark,DNK,2009,3.482087
Denmark,DNK,2010,3.801829
Denmark,DNK,2011,3.951981
Denmark,DNK,2012,4.161941
Denmark,DNK,2013,4.818923
Denmark,DNK,2014,4.886403
Denmark,DNK,2015,5.076966
Denmark,DNK,2016,5.245142
Denmark,DNK,2017,5.4889493
Denmark,DNK,2018,6.12266
Denmark,DNK,2019,6.110543
Denmark,DNK,2020,6.2585373
Denmark,DNK,2021,7.003948
Denmark,DNK,2022,7.0838184
Denmark,DNK,2023,7.481818
Djibouti,DJI,2021,0.02
Djibouti,DJI,2022,0.02
Djibouti,DJI,2023,0.08
Dominica,DMA,2008,0.00001
Dominica,DMA,2009,0.00001
Dominica,DMA,2010,0.00024000001
Dominica,DMA,2011,0.00024000001
Dominica,DMA,2012,0.00024000001
Dominica,DMA,2013,0.00024000001
Dominica,DMA,2014,0.00024000001
Dominica,DMA,2015,0.00024000001
Dominica,DMA,2016,0.00024000001
Dominica,DMA,2017,0.00024000001
Dominica,DMA,2018,0.00024000001
Dominica,DMA,2019,0.00024000001
Dominica,DMA,2020,0.00024000001
Dominica,DMA,2021,0.00024000001
Dominica,DMA,2022,0.00024000001
Dominica,DMA,2023,0.00024000001
Dominican Republic,DOM,2011,0.0335
Dominican Republic,DOM,2012,0.0873
Dominican Republic,DOM,2013,0.0855
Dominican Republic,DOM,2014,0.0795
Dominican Republic,DOM,2015,0.0855
Dominican Republic,DOM,2016,0.13530001
Dominican Republic,DOM,2017,0.135
Dominican Republic,DOM,2018,0.1833
Dominican Republic,DOM,2019,0.3703
Dominican Republic,DOM,2020,0.3703
Dominican Republic,DOM,2021,0.3703
Dominican Republic,DOM,2022,0.4171
Dominican Republic,DOM,2023,0.4171
Ecuador,ECU,2007,0.0024
Ecuador,ECU,2008,0.0024
Ecuador,ECU,2009,0.0024
Ecuador,ECU,2010,0.0024
Ecuador,ECU,2011,0.0024
Ecuador,ECU,2012,0.0024
Ecuador,ECU,2013,0.0189
Ecuador,ECU,2014,0.02115
Ecuador,ECU,2015,0.02115
Ecuador,ECU,2016,0.02115
Ecuador,ECU,2017,0.02115
Ecuador,ECU,2018,0.02115
Ecuador,ECU,2019,0.02115
Ecuador,ECU,2020,0.02115
Ecuador,ECU,2021,0.02115
Ecuador,ECU,2022,0.02115
Ecuador,ECU,2023,0.07113001
Egypt,EGY,2000,0.074
Egypt,EGY,2001,0.074
Egypt,EGY,2002,0.074
Egypt,EGY,2003,0.074
Egypt,EGY,2004,0.15
Egypt,EGY,2005,0.15
Egypt,EGY,2006,0.235
Egypt,EGY,2007,0.315
Egypt,EGY,2008,0.395
Egypt,EGY,2009,0.44
Egypt,EGY,2010,0.555
Egypt,EGY,2011,0.555
Egypt,EGY,2012,0.555
Egypt,EGY,2013,0.555
Egypt,EGY,2014,0.555
Egypt,EGY,2015,0.755
Egypt,EGY,2016,0.755
Egypt,EGY,2017,0.755
Egypt,EGY,2018,1.13
Egypt,EGY,2019,1.132
Egypt,EGY,2020,1.38
Egypt,EGY,2021,1.64
Egypt,EGY,2022,1.6425
Egypt,EGY,2023,1.89
El Salvador,SLV,2020,0.036
El Salvador,SLV,2021,0.054
El Salvador,SLV,2022,0.054
El Salvador,SLV,2023,0.054
Eritrea,ERI,2007,0.000825
Eritrea,ERI,2008,0.000825
Eritrea,ERI,2009,0.000825
Eritrea,ERI,2010,0.000825
Eritrea,ERI,2011,0.000825
Eritrea,ERI,2012,0.000825
Eritrea,ERI,2013,0.000825
Eritrea,ERI,2014,0.000825
Eritrea,ERI,2015,0.000825
Eritrea,ERI,2016,0.000825
Eritrea,ERI,2017,0.000825
Eritrea,ERI,2018,0.000825
Eritrea,ERI,2019,0.000825
Eritrea,ERI,2020,0.000825
Eritrea,ERI,2021,0.000825
Eritrea,ERI,2022,0.000825
Eritrea,ERI,2023,0.000825
Estonia,EST,2002,0.001
Estonia,EST,2003,0.003
Estonia,EST,2004,0.007
Estonia,EST,2005,0.031
Estonia,EST,2006,0.031
Estonia,EST,2007,0.05
Estonia,EST,2008,0.077
Estonia,EST,2009,0.104
Estonia,EST,2010,0.108
Estonia,EST,2011,0.18
Estonia,EST,2012,0.266
Estonia,EST,2013,0.248
Estonia,EST,2014,0.275
Estonia,EST,2015,0.3
Estonia,EST,2016,0.31
Estonia,EST,2017,0.31179997
Estonia,EST,2018,0.31
Estonia,EST,2019,0.316
Estonia,EST,2020,0.317
Estonia,EST,2021,0.315
Estonia,EST,2022,0.316
Estonia,EST,2023,0.408
Ethiopia,ETH,2011,0.081
Ethiopia,ETH,2012,0.081
Ethiopia,ETH,2013,0.171
Ethiopia,ETH,2014,0.171
Ethiopia,ETH,2015,0.324
Ethiopia,ETH,2016,0.32400602
Ethiopia,ETH,2017,0.32400602
Ethiopia,ETH,2018,0.32400602
Ethiopia,ETH,2019,0.32400602
Ethiopia,ETH,2020,0.32400602
Ethiopia,ETH,2021,0.32400602
Ethiopia,ETH,2022,0.404006
Ethiopia,ETH,2023,0.32400602
Europe,,2000,12.756915
Europe,,2001,17.396935
Europe,,2002,23.296112
Europe,,2003,28.161945
Europe,,2004,34.32937
Europe,,2005,40.69429
Europe,,2006,47.928898
Europe,,2007,56.350807
Europe,,2008,64.06529
Europe,,2009,75.81454
Europe,,2010,84.930016
Europe,,2011,94.72394
Europe,,2012,107.20245
Europe,,2013,118.1838
Europe,,2014,130.20818
Europe,,2015,143.02556
Europe,,2016,155.73808
Europe,,2017,170.62717
Europe,,2018,181.8393
Europe,,2019,196.2116
Europe,,2020,208.8416
Europe,,2021,223.4725
Europe,,2022,242.49586
Europe,,2023,259.62915
European Union (27),,2000,12.297515
European Union (27),,2001,16.844954
European Union (27),,2002,22.604631
European Union (27),,2003,27.251316
European Union (27),,2004,33.151737
European Union (27),,2005,38.76048
European Union (27),,2006,45.58609
European Union (27),,2007,53.4158
European Union (27),,2008,60.111286
European Union (27),,2009,70.85252
European Union (27),,2010,78.937004
European Union (27),,2011,87.40653
European Union (27),,2012,97.14504
European Union (27),,2013,105.631386
European Union (27),,2014,115.61916
European Union (27),,2015,127.17375
European Union (27),,2016,137.9748
European Union (27),,2017,148.91228
European Union (27),,2018,157.21149
European Union (27),,2019,167.1401
European Union (27),,2020,177.07173
European Union (27),,2021,187.94745
European Union (27),,2022,203.55396
European Union (27),,2023,218.68446
Falkland Islands,FLK,2000,0.00026
Falkland Islands,FLK,2001,0.00026
Falkland Islands,FLK,2002,0.00026
Falkland Islands,FLK,2003,0.00026
Falkland Islands,FLK,2004,0.00026
Falkland Islands,FLK,2005,0.00026
Falkland Islands,FLK,2006,0.00026
Falkland Islands,FLK,2007,0.00125
Falkland Islands,FLK,2008,0.00133
Falkland Islands,FLK,2009,0.00133
Falkland Islands,FLK,2010,0.00232
Falkland Islands,FLK,2011,0.00232
Falkland Islands,FLK,2012,0.00232
Falkland Islands,FLK,2013,0.00232
Falkland Islands,FLK,2014,0.00331
Falkland Islands,FLK,2015,0.00331
Falkland Islands,FLK,2016,0.00331
Falkland Islands,FLK,2017,0.00331
Falkland Islands,FLK,2018,0.00331
Falkland Islands,FLK,2019,0.00331
Falkland Islands,FLK,2020,0.00331
Falkland Islands,FLK,2021,0.00331
Falkland Islands,FLK,2022,0.00331
Falkland Islands,FLK,2023,0.00331
Faroe Islands,FRO,2000,0.00015
Faroe Islands,FRO,2001,0.00015
Faroe Islands,FRO,2002,0.00015
Faroe Islands,FRO,2003,0.0021300002
Faroe Islands,FRO,2004,0.0021300002
Faroe Islands,FRO,2005,0.00411
Faroe Islands,FRO,2006,0.00411
Faroe Islands,FRO,2007,0.00411
Faroe Islands,FRO,2008,0.00411
Faroe Islands,FRO,2009,0.00411
Faroe Islands,FRO,2010,0.00411
Faroe Islands,FRO,2011,0.00411
Faroe Islands,FRO,2012,0.00861
Faroe Islands,FRO,2013,0.00861
Faroe Islands,FRO,2014,0.02031
Faroe Islands,FRO,2015,0.02031
Faroe Islands,FRO,2016,0.02031
Faroe Islands,FRO,2017,0.02031
Faroe Islands,FRO,2018,0.016350001
Faroe Islands,FRO,2019,0.01275
Faroe Islands,FRO,2020,0.019049998
Faroe Islands,FRO,2021,0.0225
Faroe Islands,FRO,2022,0.0225
Faroe Islands,FRO,2023,0.0225
Fiji,FJI,2000,0.00006
Fiji,FJI,2001,0.00006
Fiji,FJI,2002,0.00006
Fiji,FJI,2003,0.00006
Fiji,FJI,2007,0.010175
Fiji,FJI,2008,0.010175
Fiji,FJI,2009,0.010175
Fiji,FJI,2010,0.010175
Fiji,FJI,2011,0.010175
Fiji,FJI,2012,0.010175
Fiji,FJI,2013,0.010175
Fiji,FJI,2014,0.010175
Fiji,FJI,2015,0.010175
Fiji,FJI,2016,0.010175
Fiji,FJI,2017,0.010175
Fiji,FJI,2018,0.010175
Fiji,FJI,2019,0.010175
Fiji,FJI,2020,0.010175
Fiji,FJI,2021,0.010175
Fiji,FJI,2022,0.010175
Fiji,FJI,2023,0.010175
Finland,FIN,2000,0.038
Finland,FIN,2001,0.039
Finland,FIN,2002,0.043
Finland,FIN,2003,0.052
Finland,FIN,2004,0.082
Finland,FIN,2005,0.082
Finland,FIN,2006,0.086
Finland,FIN,2007,0.11
Finland,FIN,2008,0.143
Finland,FIN,2009,0.147
Finland,FIN,2010,0.197
Finland,FIN,2011,0.199
Finland,FIN,2012,0.257
Finland,FIN,2013,0.447
Finland,FIN,2014,0.627
Finland,FIN,2015,1.005
Finland,FIN,2016,1.565
Finland,FIN,2017,2.044
Finland,FIN,2018,2.041
Finland,FIN,2019,2.284
Finland,FIN,2020,2.586
Finland,FIN,2021,3.257
Finland,FIN,2022,5.677
Finland,FIN,2023,6.957
France,FRA,2000,0.038
France,FRA,2001,0.066
France,FRA,2002,0.138
France,FRA,2003,0.218
France,FRA,2004,0.358
France,FRA,2005,0.69
France,FRA,2006,1.412
France,FRA,2007,2.223
France,FRA,2008,3.403
France,FRA,2009,4.582
France,FRA,2010,5.912
France,FRA,2011,6.7580156
France,FRA,2012,7.607496
France,FRA,2013,8.1601305
France,FRA,2014,9.201394
France,FRA,2015,10.298146
France,FRA,2016,11.566562
France,FRA,2017,13.4993515
France,FRA,2018,14.900143
France,FRA,2019,16.426851
France,FRA,2020,17.535273
France,FRA,2021,18.55112
France,FRA,2022,20.810574
France,FRA,2023,22.195574
French Polynesia,PYF,2000,0.00012
French Polynesia,PYF,2001,0.00012
French Polynesia,PYF,2002,0.00012
French Polynesia,PYF,2003,0.00012
French Polynesia,PYF,2004,0.00013500001
French Polynesia,PYF,2005,0.00013500001
French Polynesia,PYF,2006,0.00013500001
French Polynesia,PYF,2007,0.00015800001
French Polynesia,PYF,2008,0.000368
French Polynesia,PYF,2009,0.000368
French Polynesia,PYF,2010,0.000248
French Polynesia,PYF,2011,0.000248
French Polynesia,PYF,2012,0.000248
French Polynesia,PYF,2013,0.000248
French Polynesia,PYF,2014,0.000248
French Polynesia,PYF,2015,0.000248
French Polynesia,PYF,2016,0.000248
French Polynesia,PYF,2017,0.000248
French Polynesia,PYF,2018,0.000248
French Polynesia,PYF,2019,0.000248
French Polynesia,PYF,2020,0.000248
French Polynesia,PYF,2021,0.000248
French Polynesia,PYF,2022,0.000248
French Polynesia,PYF,2023,0.000248
Gambia,GMB,2009,0.00015
Gambia,GMB,2010,0.00015
Gambia,GMB,2011,0.00015
Gambia,GMB,2012,0.00105
Gambia,GMB,2013,0.00105
Gambia,GMB,2014,0.0012139999
Gambia,GMB,2015,0.0012139999
Gambia,GMB,2016,0.0012139999
Gambia,GMB,2017,0.0012139999
Gambia,GMB,2018,0.0012139999
Gambia,GMB,2019,0.0012139999
Gambia,GMB,2020,0.0012139999
Gambia,GMB,2021,0.0012139999
Gambia,GMB,2022,0.0012139999
Gambia,GMB,2023,0.0012139999
Georgia,GEO,2016,0.02
Georgia,GEO,2017,0.02
Georgia,GEO,2018,0.02
Georgia,GEO,2019,0.021
Georgia,GEO,2020,0.021
Georgia,GEO,2021,0.021
Georgia,GEO,2022,0.021
Georgia,GEO,2023,0.021
Germany,DEU,2000,6.095
Germany,DEU,2001,8.754
Germany,DEU,2002,12.001
Germany,DEU,2003,14.381
Germany,DEU,2004,16.419
Germany,DEU,2005,18.248
Germany,DEU,2006,20.474
Germany,DEU,2007,22.116
Germany,DEU,2008,22.794
Germany,DEU,2009,25.732
Germany,DEU,2010,26.903
Germany,DEU,2011,28.712
Germany,DEU,2012,30.979
Germany,DEU,2013,33.477
Germany,DEU,2014,38.614
Germany,DEU,2015,44.58
Germany,DEU,2016,49.435
Germany,DEU,2017,55.58
Germany,DEU,2018,58.721
Germany,DEU,2019,60.742
Germany,DEU,2020,62.201
Germany,DEU,2021,63.711
Germany,DEU,2022,66.163
Germany,DEU,2023,69.459
Ghana,GHA,2015,0.00002
Ghana,GHA,2016,0.00002
Ghana,GHA,2017,0.00002
Ghana,GHA,2018,0.00002
Ghana,GHA,2019,0.00002
Ghana,GHA,2020,0.00002
Ghana,GHA,2021,0.00002
Ghana,GHA,2022,0.00002
Ghana,GHA,2023,0.00002
Greece,GRC,2000,0.226
Greece,GRC,2001,0.27
Greece,GRC,2002,0.287
Greece,GRC,2003,0.371
Greece,GRC,2004,0.47
Greece,GRC,2005,0.491
Greece,GRC,2006,0.749
Greece,GRC,2007,0.846
Greece,GRC,2008,1.022
Greece,GRC,2009,1.171
Greece,GRC,2010,1.298
Greece,GRC,2011,1.64
Greece,GRC,2012,1.753
Greece,GRC,2013,1.809
Greece,GRC,2014,1.978
Greece,GRC,2015,2.091
Greece,GRC,2016,2.37
Greece,GRC,2017,2.624
Greece,GRC,2018,2.877495
Greece,GRC,2019,3.589
Greece,GRC,2020,4.11925
Greece,GRC,2021,4.64913
Greece,GRC,2022,4.70233
Greece,GRC,2023,5.22033
Greenland,GRL,2018,0.000050000002
Greenland,GRL,2019,0.000050000002
Greenland,GRL,2020,0.000050000002
Greenland,GRL,2021,0.000050000002
Greenland,GRL,2022,0.00011
Greenland,GRL,2023,0.00011
Grenada,GRD,2008,0.00008
Grenada,GRD,2009,0.00008
Grenada,GRD,2010,0.00008
Grenada,GRD,2011,0.00008
Grenada,GRD,2012,0.00008
Grenada,GRD,2013,0.00008
Grenada,GRD,2014,0.00008
Grenada,GRD,2015,0.00008
Grenada,GRD,2016,0.00008
Grenada,GRD,2017,0.00008
Grenada,GRD,2018,0.00008
Grenada,GRD,2019,0.00008
Grenada,GRD,2020,0.00008
Grenada,GRD,2021,0.00008
Grenada,GRD,2022,0.00008
Grenada,GRD,2023,0.00008
Guadeloupe,GLP,2000,0.00642
Guadeloupe,GLP,2001,0.00972
Guadeloupe,GLP,2002,0.01192
Guadeloupe,GLP,2003,0.017860001
Guadeloupe,GLP,2004,0.017860001
Guadeloupe,GLP,2005,0.017860001
Guadeloupe,GLP,2006,0.019790001
Guadeloupe,GLP,2007,0.022815
Guadeloupe,GLP,2008,0.024190001
Guadeloupe,GLP,2009,0.024190001
Guadeloupe,GLP,2010,0.02584
Guadeloupe,GLP,2011,0.02584
Guadeloupe,GLP,2012,0.02584
Guadeloupe,GLP,2013,0.02584
Guadeloupe,GLP,2014,0.02584
Guadeloupe,GLP,2015,0.026815
Guadeloupe,GLP,2016,0.027335
Guadeloupe,GLP,2017,0.027335
Guadeloupe,GLP,2018,0.043335
Guadeloupe,GLP,2019,0.048435003
Guadeloupe,GLP,2020,0.042105
Guadeloupe,GLP,2021,0.052005
Guadeloupe,GLP,2022,0.052005
Guadeloupe,GLP,2023,0.052005
Guam,GUM,2016,0.000275
Guam,GUM,2017,0.000275
Guam,GUM,2018,0.000275
Guam,GUM,2019,0.000275
Guam,GUM,2020,0.000275
Guam,GUM,2021,0.000275
Guam,GUM,2022,0.000275
Guam,GUM,2023,0.000275
Guatemala,GTM,2015,0.0759
Guatemala,GTM,2016,0.0759
Guatemala,GTM,2017,0.0759
Guatemala,GTM,2018,0.1074
Guatemala,GTM,2019,0.1074
Guatemala,GTM,2020,0.1074
Guatemala,GTM,2021,0.1074
Guatemala,GTM,2022,0.1074
Guatemala,GTM,2023,0.1074
Guyana,GUY,2000,0.000011
Guyana,GUY,2001,0.000011
Guyana,GUY,2002,0.000011
Guyana,GUY,2003,0.000011
Guyana,GUY,2004,0.000011
Guyana,GUY,2005,0.000011
Guyana,GUY,2006,0.000011
Guyana,GUY,2007,0.000011
Guyana,GUY,2008,0.000027
Guyana,GUY,2009,0.000027
Guyana,GUY,2010,0.000027
Guyana,GUY,2011,0.000027
Guyana,GUY,2012,0.000042
Guyana,GUY,2013,0.000046
Guyana,GUY,2014,0.000050000002
Guyana,GUY,2015,0.00017300001
Guyana,GUY,2016,0.00017300001
Guyana,GUY,2017,0.00017300001
Guyana,GUY,2018,0.00017300001
Guyana,GUY,2019,0.00017300001
Guyana,GUY,2020,0.00017300001
Guyana,GUY,2021,0.00017300001
Guyana,GUY,2022,0.00017300001
Guyana,GUY,2023,0.00017300001
Haiti,HTI,2018,0.000024
Haiti,HTI,2019,0.000024
Haiti,HTI,2020,0.000024
Haiti,HTI,2021,0.000024
Haiti,HTI,2022,0.000024
Haiti,HTI,2023,0.000024
High-income countries,,2000,15.399411
High-income countries,,2001,21.67643
High-income countries,,2002,28.310848
High-income countries,,2003,35.257683
High-income countries,,2004,42.551277
High-income countries,,2005,52.30101
High-income countries,,2006,63.724552
High-income countries,,2007,78.170715
High-income countries,,2008,95.12716
High-income countries,,2009,118.52275
High-income countries,,2010,134.0043
High-income countries,,2011,152.06848
High-income countries,,2012,179.84354
High-income countries,,2013,194.0608
High-income countries,,2014,213.73584
High-income countries,,2015,237.77946
High-income countries,,2016,261.28888
High-income countries,,2017,284.72662
High-income countries,,2018,304.45987
High-income countries,,2019,329.77594
High-income countries,,2020,361.05643
High-income countries,,2021,391.81888
High-income countries,,2022,422.59024
High-income countries,,2023,451.55957
Honduras,HND,2011,0.102
Honduras,HND,2012,0.102
Honduras,HND,2013,0.102
Honduras,HND,2014,0.152
Honduras,HND,2015,0.15589999
Honduras,HND,2016,0.17889999
Honduras,HND,2017,0.2289
Honduras,HND,2018,0.2289
Honduras,HND,2019,0.23889999
Honduras,HND,2020,0.23889999
Honduras,HND,2021,0.23889999
Honduras,HND,2022,0.23889999
Honduras,HND,2023,0.23889999
Hong Kong,HKG,2017,0.00080299994
Hong Kong,HKG,2018,0.00080299994
Hong Kong,HKG,2019,0.00080299994
Hong Kong,HKG,2020,0.00080299994
Hong Kong,HKG,2021,0.00080299994
Hong Kong,HKG,2022,0.00080000004
Hong Kong,HKG,2023,0.00080000004
Hungary,HUN,2001,0.001
Hungary,HUN,2002,0.001
Hungary,HUN,2003,0.003
Hungary,HUN,2004,0.003
Hungary,HUN,2005,0.017
Hungary,HUN,2006,0.033
Hungary,HUN,2007,0.061
Hungary,HUN,2008,0.134
Hungary,HUN,2009,0.203
Hungary,HUN,2010,0.293
Hungary,HUN,2011,0.331
Hungary,HUN,2012,0.325
Hungary,HUN,2013,0.329
Hungary,HUN,2014,0.329
Hungary,HUN,2015,0.329
Hungary,HUN,2016,0.329
Hungary,HUN,2017,0.329
Hungary,HUN,2018,0.329
Hungary,HUN,2019,0.323
Hungary,HUN,2020,0.323
Hungary,HUN,2021,0.324
Hungary,HUN,2022,0.324
Hungary,HUN,2023,0.324
Iceland,ISL,2013,0.002
Iceland,ISL,2014,0.003
Iceland,ISL,2015,0.003
Iceland,ISL,2016,0.003
Iceland,ISL,2017,0.00243
Iceland,ISL,2018,0.0024
Iceland,ISL,2019,0.0024
Iceland,ISL,2020,0.0018
Iceland,ISL,2021,0.0018
Iceland,ISL,2022,0.001908
Iceland,ISL,2023,0.001908
India,IND,2000,0.941
India,IND,2001,1.563
India,IND,2002,1.606
India,IND,2003,2.461
India,IND,2004,3.813
India,IND,2005,4.4339
India,IND,2006,6.315
India,IND,2007,7.84452
India,IND,2008,10.2425
India,IND,2009,10.925
India,IND,2010,13.184
India,IND,2011,16.179
India,IND,2012,17.2997
India,IND,2013,18.4204
India,IND,2014,22.465302
India,IND,2015,25.08819
India,IND,2016,28.70044
India,IND,2017,32.84846
India,IND,2018,35.2881
India,IND,2019,37.50518
India,IND,2020,38.5586
India,IND,2021,40.067265
India,IND,2022,41.929783
India,IND,2023,44.736237
Indonesia,IDN,2007,0.000100000005
Indonesia,IDN,2008,0.00026
Indonesia,IDN,2009,0.0010599999
Indonesia,IDN,2010,0.00034
Indonesia,IDN,2011,0.00093
Indonesia,IDN,2012,0.00093
Indonesia,IDN,2013,0.00063
Indonesia,IDN,2014,0.00112
Indonesia,IDN,2015,0.00146
Indonesia,IDN,2016,0.00146
Indonesia,IDN,2017,0.00146
Indonesia,IDN,2018,0.14351
Indonesia,IDN,2019,0.15431
Indonesia,IDN,2020,0.15431
Indonesia,IDN,2021,0.15431
Indonesia,IDN,2022,0.15431
Indonesia,IDN,2023,0.15431
Iran,IRN,2000,0.011
Iran,IRN,2001,0.011
Iran,IRN,2002,0.012
Iran,IRN,2003,0.016
Iran,IRN,2004,0.0249
Iran,IRN,2005,0.037
Iran,IRN,2006,0.047
Iran,IRN,2007,0.063
Iran,IRN,2008,0.063
Iran,IRN,2009,0.092
Iran,IRN,2010,0.095
Iran,IRN,2011,0.09821
Iran,IRN,2012,0.10613
Iran,IRN,2013,0.10763
Iran,IRN,2014,0.14878
Iran,IRN,2015,0.15344
Iran,IRN,2016,0.19094001
Iran,IRN,2017,0.259
Iran,IRN,2018,0.282
Iran,IRN,2019,0.30492002
Iran,IRN,2020,0.30808
Iran,IRN,2021,0.3102
Iran,IRN,2022,0.342
Iran,IRN,2023,0.36489
Ireland,IRL,2000,0.1165
Ireland,IRL,2001,0.1229
Ireland,IRL,2002,0.1348
Ireland,IRL,2003,0.2103
Ireland,IRL,2004,0.33640003
Ireland,IRL,2005,0.49330002
Ireland,IRL,2006,0.6765
Ireland,IRL,2007,0.7405
Ireland,IRL,2008,0.94229996
Ireland,IRL,2009,1.2513
Ireland,IRL,2010,1.3903999
Ireland,IRL,2011,1.5846
Ireland,IRL,2012,1.70435
Ireland,IRL,2013,1.9232999
Ireland,IRL,2014,2.28325
Ireland,IRL,2015,2.45115
Ireland,IRL,2016,2.8016498
Ireland,IRL,2017,3.31915
Ireland,IRL,2018,3.6738498
Ireland,IRL,2019,4.12645
Ireland,IRL,2020,4.3067
Ireland,IRL,2021,4.339041
Ireland,IRL,2022,4.5361314
Ireland,IRL,2023,4.8067307
Israel,ISR,2002,0.006
Israel,ISR,2003,0.006
Israel,ISR,2004,0.006
Israel,ISR,2005,0.006
Israel,ISR,2006,0.006
Israel,ISR,2007,0.006
Israel,ISR,2008,0.006
Israel,ISR,2009,0.006
Israel,ISR,2010,0.006
Israel,ISR,2011,0.006
Israel,ISR,2012,0.006
Israel,ISR,2013,0.006
Israel,ISR,2014,0.006
Israel,ISR,2015,0.006
Israel,ISR,2016,0.02725
Israel,ISR,2017,0.02725
Israel,ISR,2018,0.02725
Israel,ISR,2019,0.02725
Israel,ISR,2020,0.02725
Israel,ISR,2021,0.02725
Israel,ISR,2022,0.13625
Israel,ISR,2023,0.31625
Italy,ITA,2000,0.363
Italy,ITA,2001,0.664
Italy,ITA,2002,0.78
Italy,ITA,2003,0.874
Italy,ITA,2004,1.127
Italy,ITA,2005,1.635
Italy,ITA,2006,1.902
Italy,ITA,2007,2.702
Italy,ITA,2008,3.525
Italy,ITA,2009,4.879
Italy,ITA,2010,5.794
Italy,ITA,2011,6.918
Italy,ITA,2012,8.102
Italy,ITA,2013,8.542
Italy,ITA,2014,8.683
Italy,ITA,2015,9.137
Italy,ITA,2016,9.384
Italy,ITA,2017,9.736578
Italy,ITA,2018,10.230247
Italy,ITA,2019,10.67946
Italy,ITA,2020,10.870622
Italy,ITA,2021,11.253734
Italy,ITA,2022,11.820508
Italy,ITA,2023,12.3075075
Jamaica,JAM,2004,0.0207
Jamaica,JAM,2005,0.0207
Jamaica,JAM,2006,0.0207
Jamaica,JAM,2007,0.0207
Jamaica,JAM,2008,0.0207
Jamaica,JAM,2009,0.0207
Jamaica,JAM,2010,0.0419
Jamaica,JAM,2011,0.0419
Jamaica,JAM,2012,0.0419
Jamaica,JAM,2013,0.0419
Jamaica,JAM,2014,0.0419
Jamaica,JAM,2015,0.0419
Jamaica,JAM,2016,0.102
Jamaica,JAM,2017,0.102
Jamaica,JAM,2018,0.102
Jamaica,JAM,2019,0.102
Jamaica,JAM,2020,0.102
Jamaica,JAM,2021,0.102
Jamaica,JAM,2022,0.102
Jamaica,JAM,2023,0.102
Japan,JPN,2000,0.084
Japan,JPN,2001,0.175
Japan,JPN,2002,0.277
Japan,JPN,2003,0.508
Japan,JPN,2004,0.769
Japan,JPN,2005,1.227
Japan,JPN,2006,1.805
Japan,JPN,2007,1.527
Japan,JPN,2008,1.756
Japan,JPN,2009,1.997
Japan,JPN,2010,2.294
Japan,JPN,2011,2.419
Japan,JPN,2012,2.562
Japan,JPN,2013,2.646
Japan,JPN,2014,2.753
Japan,JPN,2015,2.809
Japan,JPN,2016,3.205
Japan,JPN,2017,3.483
Japan,JPN,2018,3.498
Japan,JPN,2019,3.952
Japan,JPN,2020,4.12
Japan,JPN,2021,4.262
Japan,JPN,2022,4.372
Japan,JPN,2023,5.232
Jordan,JOR,2000,0.0014
Jordan,JOR,2001,0.0014
Jordan,JOR,2002,0.0014
Jordan,JOR,2003,0.0014
Jordan,JOR,2004,0.0014
Jordan,JOR,2005,0.0014
Jordan,JOR,2006,0.0014
Jordan,JOR,2007,0.0014
Jordan,JOR,2008,0.0014
Jordan,JOR,2009,0.0014
Jordan,JOR,2010,0.0014
Jordan,JOR,2011,0.0014
Jordan,JOR,2012,0.0014
Jordan,JOR,2013,0.0014
Jordan,JOR,2014,0.0014
Jordan,JOR,2015,0.1184
Jordan,JOR,2016,0.18439999
Jordan,JOR,2017,0.19839999
Jordan,JOR,2018,0.2945
Jordan,JOR,2019,0.3836
Jordan,JOR,2020,0.52861
Jordan,JOR,2021,0.63211
Jordan,JOR,2022,0.61401004
Jordan,JOR,2023,0.61401004
Kazakhstan,KAZ,2012,0.0015
Kazakhstan,KAZ,2013,0.004
Kazakhstan,KAZ,2014,0.052810002
Kazakhstan,KAZ,2015,0.071755
Kazakhstan,KAZ,2016,0.098160006
Kazakhstan,KAZ,2017,0.1124
Kazakhstan,KAZ,2018,0.12145
Kazakhstan,KAZ,2019,0.28379998
Kazakhstan,KAZ,2020,0.4863
Kazakhstan,KAZ,2021,0.68395
Kazakhstan,KAZ,2022,1.10775
Kazakhstan,KAZ,2023,1.44
Kenya,KEN,2000,0.00040000002
Kenya,KEN,2001,0.00040000002
Kenya,KEN,2002,0.00040000002
Kenya,KEN,2003,0.00040000002
Kenya,KEN,2004,0.00040000002
Kenya,KEN,2005,0.00040000002
Kenya,KEN,2006,0.00040000002
Kenya,KEN,2007,0.00040000002
Kenya,KEN,2008,0.00040000002
Kenya,KEN,2009,0.00040000002
Kenya,KEN,2010,0.00565
Kenya,KEN,2011,0.00565
Kenya,KEN,2012,0.00565
Kenya,KEN,2013,0.00565
Kenya,KEN,2014,0.0058500003
Kenya,KEN,2015,0.0261
Kenya,KEN,2016,0.0261
Kenya,KEN,2017,0.026209999
Kenya,KEN,2018,0.3361
Kenya,KEN,2019,0.3361
Kenya,KEN,2020,0.3361
Kenya,KEN,2021,0.4361
Kenya,KEN,2022,0.4361
Kenya,KEN,2023,0.4361
Kosovo,OWID_KOS,2010,0.001
Kosovo,OWID_KOS,2011,0.001
Kosovo,OWID_KOS,2012,0.001
Kosovo,OWID_KOS,2013,0.001
Kosovo,OWID_KOS,2014,0.001
Kosovo,OWID_KOS,2015,0.001
Kosovo,OWID_KOS,2016,0.001
Kosovo,OWID_KOS,2017,0.03375
Kosovo,OWID_KOS,2018,0.03375
Kosovo,OWID_KOS,2019,0.03375
Kosovo,OWID_KOS,2020,0.03375
Kosovo,OWID_KOS,2021,0.03375
Kosovo,OWID_KOS,2022,0.068220004
Kosovo,OWID_KOS,2023,0.13722
Kuwait,KWT,2013,0.0024
Kuwait,KWT,2014,0.0024
Kuwait,KWT,2015,0.0024
Kuwait,KWT,2016,0.0024
Kuwait,KWT,2017,0.0024
Kuwait,KWT,2018,0.012399999
Kuwait,KWT,2019,0.012399999
Kuwait,KWT,2020,0.012399999
Kuwait,KWT,2021,0.012399999
Kuwait,KWT,2022,0.012399999
Kuwait,KWT,2023,0.012399999
Latvia,LVA,2000,0.002
Latvia,LVA,2001,0.002
Latvia,LVA,2002,0.022
Latvia,LVA,2003,0.026
Latvia,LVA,2004,0.026
Latvia,LVA,2005,0.026
Latvia,LVA,2006,0.026
Latvia,LVA,2007,0.026
Latvia,LVA,2008,0.028
Latvia,LVA,2009,0.029
Latvia,LVA,2010,0.03
Latvia,LVA,2011,0.036
Latvia,LVA,2012,0.059
Latvia,LVA,2013,0.065891996
Latvia,LVA,2014,0.068915
Latvia,LVA,2015,0.068165004
Latvia,LVA,2016,0.069905
Latvia,LVA,2017,0.077105
Latvia,LVA,2018,0.078172
Latvia,LVA,2019,0.078172
Latvia,LVA,2020,0.078172
Latvia,LVA,2021,0.077129
Latvia,LVA,2022,0.082433
Latvia,LVA,2023,0.141233
Lebanon,LBN,2012,0.0005
Lebanon,LBN,2013,0.002
Lebanon,LBN,2014,0.003
Lebanon,LBN,2015,0.003
Lebanon,LBN,2016,0.003
Lebanon,LBN,2017,0.003
Lebanon,LBN,2018,0.003
Lebanon,LBN,2019,0.003
Lebanon,LBN,2020,0.003
Lebanon,LBN,2021,0.003
Lebanon,LBN,2022,0.003
Lebanon,LBN,2023,0.003
Lithuania,LTU,2004,0.001
Lithuania,LTU,2005,0.001
Lithuania,LTU,2006,0.031
Lithuania,LTU,2007,0.047
Lithuania,LTU,2008,0.054
Lithuania,LTU,2009,0.098
Lithuania,LTU,2010,0.133
Lithuania,LTU,2011,0.202
Lithuania,LTU,2012,0.275
Lithuania,LTU,2013,0.279
Lithuania,LTU,2014,0.288
Lithuania,LTU,2015,0.436
Lithuania,LTU,2016,0.509
Lithuania,LTU,2017,0.518
Lithuania,LTU,2018,0.533
Lithuania,LTU,2019,0.534
Lithuania,LTU,2020,0.54
Lithuania,LTU,2021,0.671
Lithuania,LTU,2022,0.946
Lithuania,LTU,2023,1.287
Low-income countries,,2004,0.0006
Low-income countries,,2005,0.0006
Low-income countries,,2006,0.0006
Low-income countries,,2007,0.00144
Low-income countries,,2008,0.00166
Low-income countries,,2009,0.0019
Low-income countries,,2010,0.001987
Low-income countries,,2011,0.083032
Low-income countries,,2012,0.086491995
Low-income countries,,2013,0.176502
Low-income countries,,2014,0.176866
Low-income countries,,2015,0.330576
Low-income countries,,2016,0.331792
Low-income countries,,2017,0.333202
Low-income countries,,2018,0.333202
Low-income countries,,2019,0.333202
Low-income countries,,2020,0.33347198
Low-income countries,,2021,0.33347198
Low-income countries,,2022,0.413472
Low-income countries,,2023,0.33347198
Lower-middle-income countries,,2000,1.08445
Lower-middle-income countries,,2001,1.70645
Lower-middle-income countries,,2002,1.7515501
Lower-middle-income countries,,2003,2.6158502
Lower-middle-income countries,,2004,4.04357
Lower-middle-income countries,,2005,4.6974697
Lower-middle-income countries,,2006,6.66417
Lower-middle-income countries,,2007,8.333691
Lower-middle-income countries,,2008,10.822995
Lower-middle-income countries,,2009,11.739465
Lower-middle-income countries,,2010,14.194665
Lower-middle-income countries,,2011,17.350864
Lower-middle-income countries,,2012,18.77166
Lower-middle-income countries,,2013,20.238398
Lower-middle-income countries,,2014,25.156599
Lower-middle-income countries,,2015,28.44506
Lower-middle-income countries,,2016,32.58181
Lower-middle-income countries,,2017,37.15742
Lower-middle-income countries,,2018,41.0125
Lower-middle-income countries,,2019,43.589756
Lower-middle-income countries,,2020,45.54609
Lower-middle-income countries,,2021,51.447357
Lower-middle-income countries,,2022,54.838
Lower-middle-income countries,,2023,59.199432
Luxembourg,LUX,2000,0.014
Luxembourg,LUX,2001,0.0139
Luxembourg,LUX,2002,0.0139
Luxembourg,LUX,2003,0.0205
Luxembourg,LUX,2004,0.034900002
Luxembourg,LUX,2005,0.034900002
Luxembourg,LUX,2006,0.034900002
Luxembourg,LUX,2007,0.034900002
Luxembourg,LUX,2008,0.042915
Luxembourg,LUX,2009,0.04293
Luxembourg,LUX,2010,0.043727003
Luxembourg,LUX,2011,0.044527
Luxembourg,LUX,2012,0.058327
Luxembourg,LUX,2013,0.058327
Luxembourg,LUX,2014,0.058342
Luxembourg,LUX,2015,0.063794
Luxembourg,LUX,2016,0.119694
Luxembourg,LUX,2017,0.119694
Luxembourg,LUX,2018,0.122894
Luxembourg,LUX,2019,0.13579401
Luxembourg,LUX,2020,0.15274401
Luxembourg,LUX,2021,0.136444
Luxembourg,LUX,2022,0.165334
Luxembourg,LUX,2023,0.221334
Madagascar,MDG,2007,0.000015
Madagascar,MDG,2008,0.000015
Madagascar,MDG,2009,0.000094999996
Madagascar,MDG,2010,0.000172
Madagascar,MDG,2011,0.000177
Madagascar,MDG,2012,0.000177
Madagascar,MDG,2013,0.000177
Madagascar,MDG,2014,0.000177
Madagascar,MDG,2015,0.000177
Madagascar,MDG,2016,0.000177
Madagascar,MDG,2017,0.000177
Madagascar,MDG,2018,0.000177
Madagascar,MDG,2019,0.000177
Madagascar,MDG,2020,0.000177
Madagascar,MDG,2021,0.000177
Madagascar,MDG,2022,0.000177
Madagascar,MDG,2023,0.000177
Maldives,MDV,2008,0.001407
Maldives,MDV,2009,0.001407
Maldives,MDV,2010,0.001407
Maldives,MDV,2011,0.001407
Maldives,MDV,2012,0.001407
Maldives,MDV,2013,0.001407
Maldives,MDV,2014,0.001407
Maldives,MDV,2015,0.001407
Maldives,MDV,2016,0.001407
Maldives,MDV,2017,0.001407
Maldives,MDV,2018,0.001407
Maldives,MDV,2019,0.001407
Maldives,MDV,2020,0.001407
Maldives,MDV,2021,0.001407
Maldives,MDV,2022,0.001407
Maldives,MDV,2023,0.001407
Malta,MLT,2012,0.000100000005
Malta,MLT,2013,0.000100000005
Malta,MLT,2014,0.000100000005
Malta,MLT,2015,0.000100000005
Malta,MLT,2016,0.000100000005
Malta,MLT,2017,0.000100000005
Malta,MLT,2018,0.000100000005
Malta,MLT,2019,0.000100000005
Malta,MLT,2020,0.000100000005
Malta,MLT,2021,0.000100000005
Malta,MLT,2022,0.000100000005
Malta,MLT,2023,0.000100000005
Marshall Islands,MHL,2011,0.00001
Marshall Islands,MHL,2012,0.00001
Marshall Islands,MHL,2013,0.00001
Marshall Islands,MHL,2014,0.00001
Marshall Islands,MHL,2015,0.00001
Marshall Islands,MHL,2016,0.00001
Marshall Islands,MHL,2017,0.00001
Marshall Islands,MHL,2018,0.000011
Marshall Islands,MHL,2019,0.000011
Marshall Islands,MHL,2020,0.000011
Marshall Islands,MHL,2021,0.000011
Marshall Islands,MHL,2022,0.000011
Marshall Islands,MHL,2023,0.000011
Martinique,MTQ,2004,0.0011
Martinique,MTQ,2005,0.0011
Martinique,MTQ,2006,0.0011
Martinique,MTQ,2007,0.0011
Martinique,MTQ,2008,0.0011
Martinique,MTQ,2009,0.0011
Martinique,MTQ,2010,0.0011
Martinique,MTQ,2011,0.0011
Martinique,MTQ,2012,0.0011
Martinique,MTQ,2013,0.0011
Martinique,MTQ,2014,0.0011
Martinique,MTQ,2015,0.0011
Martinique,MTQ,2016,0.0011
Martinique,MTQ,2017,0.0011
Martinique,MTQ,2018,0.0011
Martinique,MTQ,2019,0.014
Martinique,MTQ,2020,0.0151
Martinique,MTQ,2021,0.014
Martinique,MTQ,2022,0.014
Martinique,MTQ,2023,0.014
Mauritania,MRT,2012,0.0044
Mauritania,MRT,2013,0.0044
Mauritania,MRT,2014,0.0044
Mauritania,MRT,2015,0.0344
Mauritania,MRT,2016,0.0344
Mauritania,MRT,2017,0.0344
Mauritania,MRT,2018,0.0344
Mauritania,MRT,2019,0.0344
Mauritania,MRT,2020,0.0344
Mauritania,MRT,2021,0.0344
Mauritania,MRT,2022,0.0344
Mauritania,MRT,2023,0.13677499
Mauritius,MUS,2003,0.00018
Mauritius,MUS,2004,0.00018
Mauritius,MUS,2005,0.00018
Mauritius,MUS,2006,0.00018
Mauritius,MUS,2007,0.00018
Mauritius,MUS,2008,0.00018
Mauritius,MUS,2009,0.00073
Mauritius,MUS,2010,0.00128
Mauritius,MUS,2011,0.00128
Mauritius,MUS,2012,0.00128
Mauritius,MUS,2013,0.00128
Mauritius,MUS,2014,0.00128
Mauritius,MUS,2015,0.00128
Mauritius,MUS,2016,0.01063
Mauritius,MUS,2017,0.01063
Mauritius,MUS,2018,0.01063
Mauritius,MUS,2019,0.01063
Mauritius,MUS,2020,0.01063
Mauritius,MUS,2021,0.01063
Mauritius,MUS,2022,0.01063
Mauritius,MUS,2023,0.01063
Mexico,MEX,2000,0.017
Mexico,MEX,2001,0.017
Mexico,MEX,2002,0.018
Mexico,MEX,2003,0.018
Mexico,MEX,2004,0.018
Mexico,MEX,2005,0.018
Mexico,MEX,2006,0.101
Mexico,MEX,2007,0.101
Mexico,MEX,2008,0.101
Mexico,MEX,2009,0.425
Mexico,MEX,2010,0.519
Mexico,MEX,2011,0.601
Mexico,MEX,2012,1.815
Mexico,MEX,2013,2.122
Mexico,MEX,2014,2.569
Mexico,MEX,2015,3.271
Mexico,MEX,2016,4.051
Mexico,MEX,2017,4.1803904
Mexico,MEX,2018,4.1802597
Mexico,MEX,2019,6.54126
Mexico,MEX,2020,6.99543
Mexico,MEX,2021,7.1545296
Mexico,MEX,2022,7.3176603
Mexico,MEX,2023,7.3176804
Micronesia (country),FSM,2018,0.000825
Micronesia (country),FSM,2019,0.000825
Micronesia (country),FSM,2020,0.000825
Micronesia (country),FSM,2021,0.000825
Micronesia (country),FSM,2022,0.000825
Micronesia (country),FSM,2023,0.000825
Moldova,MDA,2013,0.001
Moldova,MDA,2014,0.001
Moldova,MDA,2015,0.001
Moldova,MDA,2016,0.001778
Moldova,MDA,2017,0.00919
Moldova,MDA,2018,0.033
Moldova,MDA,2019,0.035
Moldova,MDA,2020,0.041
Moldova,MDA,2021,0.067
Moldova,MDA,2022,0.1151
Moldova,MDA,2023,0.14132
Mongolia,MNG,2000,0.000005
Mongolia,MNG,2001,0.000012
Mongolia,MNG,2002,0.000012
Mongolia,MNG,2003,0.00002
Mongolia,MNG,2004,0.00002
Mongolia,MNG,2005,0.00002
Mongolia,MNG,2006,0.000023
Mongolia,MNG,2007,0.000473
Mongolia,MNG,2008,0.000473
Mongolia,MNG,2009,0.000473
Mongolia,MNG,2010,0.000673
Mongolia,MNG,2011,0.000673
Mongolia,MNG,2012,0.0010060001
Mongolia,MNG,2013,0.050605997
Mongolia,MNG,2014,0.050605997
Mongolia,MNG,2015,0.050605997
Mongolia,MNG,2016,0.050605997
Mongolia,MNG,2017,0.101005994
Mongolia,MNG,2018,0.156006
Mongolia,MNG,2019,0.156006
Mongolia,MNG,2020,0.156
Mongolia,MNG,2021,0.155994
Mongolia,MNG,2022,0.15598899
Mongolia,MNG,2023,0.15598899
Montenegro,MNE,2017,0.072
Montenegro,MNE,2018,0.072
Montenegro,MNE,2019,0.118
Montenegro,MNE,2020,0.118
Montenegro,MNE,2021,0.118
Montenegro,MNE,2022,0.118
Montenegro,MNE,2023,0.118
Morocco,MAR,2000,0.054
Morocco,MAR,2001,0.054
Morocco,MAR,2002,0.054
Morocco,MAR,2003,0.054
Morocco,MAR,2004,0.054
Morocco,MAR,2005,0.054
Morocco,MAR,2006,0.054
Morocco,MAR,2007,0.114
Morocco,MAR,2008,0.114
Morocco,MAR,2009,0.221
Morocco,MAR,2010,0.221
Morocco,MAR,2011,0.255
Morocco,MAR,2012,0.255
Morocco,MAR,2013,0.495
Morocco,MAR,2014,0.797
Morocco,MAR,2015,0.797
Morocco,MAR,2016,0.902
Morocco,MAR,2017,1.022
Morocco,MAR,2018,1.225
Morocco,MAR,2019,1.225
Morocco,MAR,2020,1.435
Morocco,MAR,2021,1.471
Morocco,MAR,2022,1.558
Morocco,MAR,2023,1.858
Myanmar,MMR,2015,0.000003
Myanmar,MMR,2016,0.000003
Myanmar,MMR,2017,0.000006
Myanmar,MMR,2018,0.000006
Myanmar,MMR,2019,0.000006
Myanmar,MMR,2020,0.000006
Myanmar,MMR,2021,0.000006
Myanmar,MMR,2022,0.000006
Myanmar,MMR,2023,0.000006
Namibia,NAM,2005,0.00022
Namibia,NAM,2006,0.00022
Namibia,NAM,2007,0.00022
Namibia,NAM,2008,0.00022
Namibia,NAM,2009,0.00022
Namibia,NAM,2010,0.00022
Namibia,NAM,2011,0.00022
Namibia,NAM,2012,0.000222
Namibia,NAM,2013,0.000222
Namibia,NAM,2014,0.000222
Namibia,NAM,2015,0.000222
Namibia,NAM,2016,0.000222
Namibia,NAM,2017,0.005231
Namibia,NAM,2018,0.005231
Namibia,NAM,2019,0.005231
Namibia,NAM,2020,0.005231
Namibia,NAM,2021,0.005231
Namibia,NAM,2022,0.005231
Namibia,NAM,2023,0.005231
Nepal,NPL,2013,0.000069
Nepal,NPL,2014,0.000069
Nepal,NPL,2015,0.000069
Nepal,NPL,2016,0.000069
Nepal,NPL,2017,0.000069
Nepal,NPL,2018,0.000169
Nepal,NPL,2019,0.000199
Nepal,NPL,2020,0.000199
Nepal,NPL,2021,0.000199
Nepal,NPL,2022,0.000199
Nepal,NPL,2023,0.000199
Netherlands,NLD,2000,0.447
Netherlands,NLD,2001,0.486
Netherlands,NLD,2002,0.672
Netherlands,NLD,2003,0.905
Netherlands,NLD,2004,1.075
Netherlands,NLD,2005,1.224
Netherlands,NLD,2006,1.561
Netherlands,NLD,2007,1.749
Netherlands,NLD,2008,2.149
Netherlands,NLD,2009,2.222
Netherlands,NLD,2010,2.237
Netherlands,NLD,2011,2.316
Netherlands,NLD,2012,2.433
Netherlands,NLD,2013,2.713
Netherlands,NLD,2014,2.865
Netherlands,NLD,2015,3.39084
Netherlands,NLD,2016,4.25712
Netherlands,NLD,2017,4.202
Netherlands,NLD,2018,4.3931103
Netherlands,NLD,2019,4.484158
Netherlands,NLD,2020,6.647875
Netherlands,NLD,2021,7.673805
Netherlands,NLD,2022,8.754844
Netherlands,NLD,2023,10.749
New Caledonia,NCL,2000,0.003825
New Caledonia,NCL,2001,0.004365
New Caledonia,NCL,2002,0.006565
New Caledonia,NCL,2003,0.011185001
New Caledonia,NCL,2004,0.022735002
New Caledonia,NCL,2005,0.022735002
New Caledonia,NCL,2006,0.028235001
New Caledonia,NCL,2007,0.032360002
New Caledonia,NCL,2008,0.032360002
New Caledonia,NCL,2009,0.03731
New Caledonia,NCL,2010,0.03731
New Caledonia,NCL,2011,0.037584998
New Caledonia,NCL,2012,0.037584998
New Caledonia,NCL,2013,0.037584998
New Caledonia,NCL,2014,0.037584998
New Caledonia,NCL,2015,0.037584998
New Caledonia,NCL,2016,0.037584998
New Caledonia,NCL,2017,0.037584998
New Caledonia,NCL,2018,0.037584998
New Caledonia,NCL,2019,0.037584998
New Caledonia,NCL,2020,0.037584998
New Caledonia,NCL,2021,0.037584998
New Caledonia,NCL,2022,0.057985
New Caledonia,NCL,2023,0.057985
New Zealand,NZL,2000,0.036
New Zealand,NZL,2001,0.036
New Zealand,NZL,2002,0.053
New Zealand,NZL,2003,0.072
New Zealand,NZL,2004,0.166
New Zealand,NZL,2005,0.168
New Zealand,NZL,2006,0.169
New Zealand,NZL,2007,0.32
New Zealand,NZL,2008,0.322
New Zealand,NZL,2009,0.513
New Zealand,NZL,2010,0.54
New Zealand,NZL,2011,0.623
New Zealand,NZL,2012,0.623
New Zealand,NZL,2013,0.623
New Zealand,NZL,2014,0.682
New Zealand,NZL,2015,0.689
New Zealand,NZL,2016,0.69
New Zealand,NZL,2017,0.69
New Zealand,NZL,2018,0.69
New Zealand,NZL,2019,0.69
New Zealand,NZL,2020,0.69
New Zealand,NZL,2021,0.913
New Zealand,NZL,2022,0.994
New Zealand,NZL,2023,1.059
Nicaragua,NIC,2009,0.0399
Nicaragua,NIC,2010,0.063
Nicaragua,NIC,2011,0.063
Nicaragua,NIC,2012,0.14572999
Nicaragua,NIC,2013,0.14660001
Nicaragua,NIC,2014,0.1862
Nicaragua,NIC,2015,0.1862
Nicaragua,NIC,2016,0.1862
Nicaragua,NIC,2017,0.1862
Nicaragua,NIC,2018,0.1862
Nicaragua,NIC,2019,0.1862
Nicaragua,NIC,2020,0.1862
Nicaragua,NIC,2021,0.1862
Nicaragua,NIC,2022,0.1862
Nicaragua,NIC,2023,0.1862
North America,,2000,2.5480301
North America,,2001,4.09677
North America,,2002,4.68297
North America,,2003,6.4397597
North America,,2004,7.03917
North America,,2005,9.52658
North America,,2006,12.97989
North America,,2007,18.589575
North America,,2008,27.22834
North America,,2009,38.272346
North America,,2010,44.158623
North America,,2011,52.13286
North America,,2012,68.20941
North America,,2013,70.86135
North America,,2014,77.62095
North America,,2015,88.54787
North America,,2016,99.06143
North America,,2017,105.92112
North America,,2018,113.44901
North America,,2019,125.60229
North America,,2020,141.4133
North America,,2021,156.47523
North America,,2022,166.41284
North America,,2023,174.50066
North Korea,PRK,2008,0.00022
North Korea,PRK,2009,0.00023
North Korea,PRK,2010,0.00024
North Korea,PRK,2011,0.00028
North Korea,PRK,2012,0.00054000004
North Korea,PRK,2013,0.00055
North Korea,PRK,2014,0.00075
North Korea,PRK,2015,0.00086000003
North Korea,PRK,2016,0.00097000005
North Korea,PRK,2017,0.00133
North Korea,PRK,2018,0.00133
North Korea,PRK,2019,0.00133
North Korea,PRK,2020,0.0016000001
North Korea,PRK,2021,0.0016000001
North Korea,PRK,2022,0.0016000001
North Korea,PRK,2023,0.0016000001
North Macedonia,MKD,2014,0.037
North Macedonia,MKD,2015,0.037
North Macedonia,MKD,2016,0.037
North Macedonia,MKD,2017,0.037
North Macedonia,MKD,2018,0.037
North Macedonia,MKD,2019,0.037
North Macedonia,MKD,2020,0.037
North Macedonia,MKD,2021,0.037
North Macedonia,MKD,2022,0.073
North Macedonia,MKD,2023,0.1098
Norway,NOR,2000,0.013
Norway,NOR,2001,0.013
Norway,NOR,2002,0.097
Norway,NOR,2003,0.097
Norway,NOR,2004,0.152
Norway,NOR,2005,0.265
Norway,NOR,2006,0.284
Norway,NOR,2007,0.348
Norway,NOR,2008,0.395
Norway,NOR,2009,0.423
Norway,NOR,2010,0.425
Norway,NOR,2011,0.512
Norway,NOR,2012,0.705
Norway,NOR,2013,0.818
Norway,NOR,2014,0.859
Norway,NOR,2015,0.867
Norway,NOR,2016,0.883
Norway,NOR,2017,1.207
Norway,NOR,2018,1.71
Norway,NOR,2019,2.914
Norway,NOR,2020,4.03
Norway,NOR,2021,5.049
Norway,NOR,2022,5.062
Norway,NOR,2023,5.065
Oceania,,2000,0.073005
Oceania,,2001,0.116545
Oceania,,2002,0.16574499
Oceania,,2003,0.273405
Oceania,,2004,0.56790996
Oceania,,2005,0.93091
Oceania,,2006,1.01641
Oceania,,2007,1.6117331
Oceania,,2008,1.808928
Oceania,,2009,2.266878
Oceania,,2010,2.4547582
Oceania,,2011,2.801043
Oceania,,2012,3.235043
Oceania,,2013,3.8950539
Oceania,,2014,4.5311537
Oceania,,2015,4.922165
Oceania,,2016,5.06644
Oceania,,2017,6.149165
Oceania,,2018,7.152091
Oceania,,2019,8.625482
Oceania,,2020,10.951482
Oceania,,2021,11.522482
Oceania,,2022,11.623611
Oceania,,2023,12.460611
Oman,OMN,2019,0.05
Oman,OMN,2020,0.05
Oman,OMN,2021,0.05
Oman,OMN,2022,0.05
Oman,OMN,2023,0.05
Pakistan,PAK,2008,0.006
Pakistan,PAK,2009,0.006
Pakistan,PAK,2010,0.006
Pakistan,PAK,2011,0.006
Pakistan,PAK,2012,0.056155
Pakistan,PAK,2013,0.106055
Pakistan,PAK,2014,0.20555499
Pakistan,PAK,2015,0.308355
Pakistan,PAK,2016,0.590655
Pakistan,PAK,2017,0.789155
Pakistan,PAK,2018,1.185855
Pakistan,PAK,2019,1.235855
Pakistan,PAK,2020,1.235855
Pakistan,PAK,2021,1.335155
Pakistan,PAK,2022,1.845155
Pakistan,PAK,2023,1.845155
Panama,PAN,2014,0.055
Panama,PAN,2015,0.205
Panama,PAN,2016,0.27
Panama,PAN,2017,0.27
Panama,PAN,2018,0.27
Panama,PAN,2019,0.27
Panama,PAN,2020,0.27
Panama,PAN,2021,0.27
Panama,PAN,2022,0.336
Panama,PAN,2023,0.336
Paraguay,PRY,2020,0.00002
Paraguay,PRY,2021,0.00002
Paraguay,PRY,2022,0.00002
Paraguay,PRY,2023,0.00002
Peru,PER,2000,0.0007
Peru,PER,2001,0.0007
Peru,PER,2002,0.0007
Peru,PER,2003,0.0007
Peru,PER,2004,0.0007
Peru,PER,2005,0.0007
Peru,PER,2006,0.0007
Peru,PER,2007,0.0007
Peru,PER,2008,0.0007
Peru,PER,2009,0.0007
Peru,PER,2010,0.0007
Peru,PER,2011,0.0007
Peru,PER,2012,0.0007
Peru,PER,2013,0.0007
Peru,PER,2014,0.1427
Peru,PER,2015,0.2398
Peru,PER,2016,0.23995
Peru,PER,2017,0.23995
Peru,PER,2018,0.37225
Peru,PER,2019,0.37225
Peru,PER,2020,0.40899003
Peru,PER,2021,0.40899003
Peru,PER,2022,0.53898996
Peru,PER,2023,0.70539004
Philippines,PHL,2005,0.033
Philippines,PHL,2006,0.033
Philippines,PHL,2007,0.033
Philippines,PHL,2008,0.033
Philippines,PHL,2009,0.033
Philippines,PHL,2010,0.033
Philippines,PHL,2011,0.033
Philippines,PHL,2012,0.033
Philippines,PHL,2013,0.033
Philippines,PHL,2014,0.3369
Philippines,PHL,2015,0.4269
Philippines,PHL,2016,0.4269
Philippines,PHL,2017,0.4269
Philippines,PHL,2018,0.4269
Philippines,PHL,2019,0.4429
Philippines,PHL,2020,0.4429
Philippines,PHL,2021,0.4429
Philippines,PHL,2022,0.4429
Philippines,PHL,2023,0.4429
Poland,POL,2000,0.004
Poland,POL,2001,0.019
Poland,POL,2002,0.032
Poland,POL,2003,0.035
Poland,POL,2004,0.04
Poland,POL,2005,0.121
Poland,POL,2006,0.172
Poland,POL,2007,0.306
Poland,POL,2008,0.526
Poland,POL,2009,0.709
Poland,POL,2010,1.108
Poland,POL,2011,1.8
Poland,POL,2012,2.564
Poland,POL,2013,3.429
Poland,POL,2014,3.836
Poland,POL,2015,4.886
Poland,POL,2016,5.747
Poland,POL,2017,5.759357
Poland,POL,2018,5.766078
Poland,POL,2019,5.8377614
Poland,POL,2020,6.29825
Poland,POL,2021,6.967339
Poland,POL,2022,8.150235
Poland,POL,2023,9.307236
Portugal,PRT,2000,0.083
Portugal,PRT,2001,0.125
Portugal,PRT,2002,0.19
Portugal,PRT,2003,0.268
Portugal,PRT,2004,0.553
Portugal,PRT,2005,1.064
Portugal,PRT,2006,1.681
Portugal,PRT,2007,2.201
Portugal,PRT,2008,2.857
Portugal,PRT,2009,3.326
Portugal,PRT,2010,3.796
Portugal,PRT,2011,4.2562146
Portugal,PRT,2012,4.411552
Portugal,PRT,2013,4.609949
Portugal,PRT,2014,4.856556
Portugal,PRT,2015,4.9368377
Portugal,PRT,2016,5.124103
Portugal,PRT,2017,5.124105
Portugal,PRT,2018,5.172359
Portugal,PRT,2019,5.222745
Portugal,PRT,2020,5.1222587
Portugal,PRT,2021,5.427326
Portugal,PRT,2022,5.5381393
Portugal,PRT,2023,5.6171393
Puerto Rico,PRI,2011,0.000005
Puerto Rico,PRI,2012,0.098400004
Puerto Rico,PRI,2013,0.098400004
Puerto Rico,PRI,2014,0.099
Puerto Rico,PRI,2015,0.099
Puerto Rico,PRI,2016,0.099
Puerto Rico,PRI,2017,0.099
Puerto Rico,PRI,2018,0.099
Puerto Rico,PRI,2019,0.099
Puerto Rico,PRI,2020,0.099
Puerto Rico,PRI,2021,0.099
Puerto Rico,PRI,2022,0.099
Puerto Rico,PRI,2023,0.099
Reunion,REU,2004,0.0066
Reunion,REU,2005,0.01045
Reunion,REU,2006,0.013475
Reunion,REU,2007,0.01483
Reunion,REU,2008,0.01483
Reunion,REU,2009,0.01483
Reunion,REU,2010,0.01483
Reunion,REU,2011,0.01483
Reunion,REU,2012,0.01483
Reunion,REU,2013,0.01483
Reunion,REU,2014,0.01483
Reunion,REU,2015,0.01483
Reunion,REU,2016,0.0165
Reunion,REU,2017,0.0165
Reunion,REU,2018,0.0165
Reunion,REU,2019,0.0165
Reunion,REU,2020,0.0165
Reunion,REU,2021,0.0165
Reunion,REU,2022,0.0151
Reunion,REU,2023,0.0151
Romania,ROU,2005,0.001
Romania,ROU,2006,0.001
Romania,ROU,2007,0.003
Romania,ROU,2008,0.005
Romania,ROU,2009,0.015
Romania,ROU,2010,0.389
Romania,ROU,2011,0.988
Romania,ROU,2012,1.822
Romania,ROU,2013,2.773
Romania,ROU,2014,3.244
Romania,ROU,2015,3.13
Romania,ROU,2016,3.025
Romania,ROU,2017,3.029798
Romania,ROU,2018,3.032258
Romania,ROU,2019,3.037515
Romania,ROU,2020,3.012527
Romania,ROU,2021,3.014958
Romania,ROU,2022,3.0152018
Romania,ROU,2023,3.0872018
Russia,RUS,2000,0.003
Russia,RUS,2001,0.003
Russia,RUS,2002,0.007
Russia,RUS,2003,0.009
Russia,RUS,2004,0.009
Russia,RUS,2005,0.01
Russia,RUS,2006,0.01
Russia,RUS,2007,0.01
Russia,RUS,2008,0.01
Russia,RUS,2009,0.01
Russia,RUS,2010,0.01
Russia,RUS,2011,0.01
Russia,RUS,2012,0.01
Russia,RUS,2013,0.01
Russia,RUS,2014,0.01
Russia,RUS,2015,0.010899999
Russia,RUS,2016,0.010899999
Russia,RUS,2017,0.010899999
Russia,RUS,2018,0.051900003
Russia,RUS,2019,0.101900004
Russia,RUS,2020,0.9453
Russia,RUS,2021,1.955
Russia,RUS,2022,2.218
Russia,RUS,2023,2.51775
Saint Kitts and Nevis,KNA,2010,0.0022
Saint Kitts and Nevis,KNA,2011,0.0022
Saint Kitts and Nevis,KNA,2012,0.0022
Saint Kitts and Nevis,KNA,2013,0.0022
Saint Kitts and Nevis,KNA,2014,0.0022
Saint Kitts and Nevis,KNA,2015,0.0022
Saint Kitts and Nevis,KNA,2016,0.0022
Saint Kitts and Nevis,KNA,2017,0.0022
Saint Kitts and Nevis,KNA,2018,0.0022
Saint Kitts and Nevis,KNA,2019,0.0022
Saint Kitts and Nevis,KNA,2020,0.0022
Saint Kitts and Nevis,KNA,2021,0.0022
Saint Kitts and Nevis,KNA,2022,0.0022
Saint Kitts and Nevis,KNA,2023,0.0022
Saint Pierre and Miquelon,SPM,2000,0.0006
Saint Pierre and Miquelon,SPM,2001,0.0006
Saint Pierre and Miquelon,SPM,2002,0.0006
Saint Pierre and Miquelon,SPM,2003,0.0006
Saint Pierre and Miquelon,SPM,2004,0.0006
Saint Pierre and Miquelon,SPM,2005,0.0006
Saint Pierre and Miquelon,SPM,2006,0.0006
Saint Pierre and Miquelon,SPM,2007,0.0006
Saint Pierre and Miquelon,SPM,2008,0.0006
Saint Pierre and Miquelon,SPM,2009,0.0006
Saint Pierre and Miquelon,SPM,2010,0.0006
Saint Pierre and Miquelon,SPM,2011,0.0006
Saint Pierre and Miquelon,SPM,2012,0.0006
Saint Pierre and Miquelon,SPM,2013,0.0006
Saint Pierre and Miquelon,SPM,2014,0.0006
Samoa,WSM,2014,0.00055
Samoa,WSM,2015,0.00055
Samoa,WSM,2016,0.00055
Samoa,WSM,2017,0.00055
Samoa,WSM,2018,0.00055
Samoa,WSM,2019,0.00055
Samoa,WSM,2020,0.00055
Samoa,WSM,2021,0.00055
Samoa,WSM,2022,0.00055
Samoa,WSM,2023,0.00055
Saudi Arabia,SAU,2017,0.00275
Saudi Arabia,SAU,2018,0.00275
Saudi Arabia,SAU,2019,0.00325
Saudi Arabia,SAU,2020,0.00325
Saudi Arabia,SAU,2021,0.00325
Saudi Arabia,SAU,2022,0.40325
Saudi Arabia,SAU,2023,0.40325
Senegal,SEN,2019,0.0552
Senegal,SEN,2020,0.1587
Senegal,SEN,2021,0.1587
Senegal,SEN,2022,0.1587
Senegal,SEN,2023,0.1587
Serbia,SRB,2012,0.0005
Serbia,SRB,2013,0.0005
Serbia,SRB,2014,0.0005
Serbia,SRB,2015,0.0104
Serbia,SRB,2016,0.017
Serbia,SRB,2017,0.025
Serbia,SRB,2018,0.227
Serbia,SRB,2019,0.398
Serbia,SRB,2020,0.398
Serbia,SRB,2021,0.398
Serbia,SRB,2022,0.398
Serbia,SRB,2023,0.511
Seychelles,SYC,2013,0.006
Seychelles,SYC,2014,0.006
Seychelles,SYC,2015,0.006
Seychelles,SYC,2016,0.006
Seychelles,SYC,2017,0.006
Seychelles,SYC,2018,0.006
Seychelles,SYC,2019,0.006
Seychelles,SYC,2020,0.006
Seychelles,SYC,2021,0.006
Seychelles,SYC,2022,0.006
Seychelles,SYC,2023,0.006
Singapore,SGP,2017,0.000100000005
Singapore,SGP,2018,0.000100000005
Singapore,SGP,2019,0.000100000005
Singapore,SGP,2020,0.000100000005
Singapore,SGP,2021,0.000100000005
Singapore,SGP,2022,0.000100000005
Singapore,SGP,2023,0.000100000005
Slovakia,SVK,2003,0.003
Slovakia,SVK,2004,0.003
Slovakia,SVK,2005,0.005
Slovakia,SVK,2006,0.005
Slovakia,SVK,2007,0.005
Slovakia,SVK,2008,0.005
Slovakia,SVK,2009,0.003
Slovakia,SVK,2010,0.003
Slovakia,SVK,2011,0.003
Slovakia,SVK,2012,0.003
Slovakia,SVK,2013,0.005
Slovakia,SVK,2014,0.003
Slovakia,SVK,2015,0.003
Slovakia,SVK,2016,0.003
Slovakia,SVK,2017,0.004
Slovakia,SVK,2018,0.003
Slovakia,SVK,2019,0.004
Slovakia,SVK,2020,0.004
Slovakia,SVK,2021,0.004
Slovakia,SVK,2022,0.004
Slovakia,SVK,2023,0.004
Slovenia,SVN,2012,0.002
Slovenia,SVN,2013,0.002
Slovenia,SVN,2014,0.003
Slovenia,SVN,2015,0.003
Slovenia,SVN,2016,0.003
Slovenia,SVN,2017,0.0033
Slovenia,SVN,2018,0.0033
Slovenia,SVN,2019,0.0033
Slovenia,SVN,2020,0.0033
Slovenia,SVN,2021,0.003328
Slovenia,SVN,2022,0.003328
Slovenia,SVN,2023,0.003328
Somalia,SOM,2012,0.0022
Somalia,SOM,2013,0.0022
Somalia,SOM,2014,0.0022
Somalia,SOM,2015,0.0028
Somalia,SOM,2016,0.0028
Somalia,SOM,2017,0.00355
Somalia,SOM,2018,0.00355
Somalia,SOM,2019,0.00355
Somalia,SOM,2020,0.00355
Somalia,SOM,2021,0.00355
Somalia,SOM,2022,0.00355
Somalia,SOM,2023,0.00355
South Africa,ZAF,2002,0.00316
South Africa,ZAF,2003,0.00316
South Africa,ZAF,2004,0.00316
South Africa,ZAF,2005,0.00316
South Africa,ZAF,2006,0.00316
South Africa,ZAF,2007,0.00316
South Africa,ZAF,2008,0.008359999
South Africa,ZAF,2009,0.008359999
South Africa,ZAF,2010,0.01016
South Africa,ZAF,2011,0.01016
South Africa,ZAF,2012,0.01016
South Africa,ZAF,2013,0.257
South Africa,ZAF,2014,0.569
South Africa,ZAF,2015,1.079
South Africa,ZAF,2016,1.473
South Africa,ZAF,2017,2.094
South Africa,ZAF,2018,2.094
South Africa,ZAF,2019,2.094
South Africa,ZAF,2020,2.516
South Africa,ZAF,2021,2.495
South Africa,ZAF,2022,3.163
South Africa,ZAF,2023,3.442
South America,,2000,0.02967
South America,,2001,0.027196
South America,,2002,0.027896
South America,,2003,0.027196
South America,,2004,0.047196
South America,,2005,0.042195998
South America,,2006,0.258616
South America,,2007,0.290006
South America,,2008,0.45555398
South America,,2009,0.819363
South America,,2010,1.155707
South America,,2011,1.685011
South America,,2012,2.301626
South America,,2013,2.802563
South America,,2014,6.5211287
South America,,2015,9.913865
South America,,2016,12.916028
South America,,2017,15.703423
South America,,2018,19.116539
South America,,2019,20.669704
South America,,2020,24.201263
South America,,2021,29.729929
South America,,2022,33.5724
South America,,2023,39.84458
South Georgia and the South Sandwich Islands,SGS,2000,0.000006
South Georgia and the South Sandwich Islands,SGS,2001,0.000006
South Georgia and the South Sandwich Islands,SGS,2002,0.000006
South Georgia and the South Sandwich Islands,SGS,2003,0.000006
South Georgia and the South Sandwich Islands,SGS,2004,0.000006
South Georgia and the South Sandwich Islands,SGS,2005,0.000006
South Georgia and the South Sandwich Islands,SGS,2006,0.000006
South Georgia and the South Sandwich Islands,SGS,2007,0.000006
South Georgia and the South Sandwich Islands,SGS,2008,0.000006
South Georgia and the South Sandwich Islands,SGS,2009,0.000006
South Georgia and the South Sandwich Islands,SGS,2010,0.000006
South Georgia and the South Sandwich Islands,SGS,2011,0.000006
South Georgia and the South Sandwich Islands,SGS,2012,0.000006
South Georgia and the South Sandwich Islands,SGS,2013,0.000006
South Georgia and the South Sandwich Islands,SGS,2014,0.000006
South Georgia and the South Sandwich Islands,SGS,2015,0.000006
South Georgia and the South Sandwich Islands,SGS,2016,0.000006
South Georgia and the South Sandwich Islands,SGS,2017,0.000006
South Georgia and the South Sandwich Islands,SGS,2018,0.000006
South Georgia and the South Sandwich Islands,SGS,2019,0.000006
South Georgia and the South Sandwich Islands,SGS,2020,0.000006
South Georgia and the South Sandwich Islands,SGS,2021,0.000006
South Georgia and the South Sandwich Islands,SGS,2022,0.000006
South Georgia and the South Sandwich Islands,SGS,2023,0.000006
South Korea,KOR,2000,0.007
South Korea,KOR,2001,0.011
South Korea,KOR,2002,0.013
South Korea,KOR,2003,0.019
South Korea,KOR,2004,0.029
South Korea,KOR,2005,0.099
South Korea,KOR,2006,0.178
South Korea,KOR,2007,0.196
South Korea,KOR,2008,0.304
South Korea,KOR,2009,0.351
South Korea,KOR,2010,0.382
South Korea,KOR,2011,0.425
South Korea,KOR,2012,0.464
South Korea,KOR,2013,0.576
South Korea,KOR,2014,0.612
South Korea,KOR,2015,0.847
South Korea,KOR,2016,1.067
South Korea,KOR,2017,1.215
South Korea,KOR,2018,1.42
South Korea,KOR,2019,1.494
South Korea,KOR,2020,1.645
South Korea,KOR,2021,1.724
South Korea,KOR,2022,1.908459
South Korea,KOR,2023,2.1673188
Spain,ESP,2000,2.206
Spain,ESP,2001,3.397
Spain,ESP,2002,4.891
Spain,ESP,2003,5.945
Spain,ESP,2004,8.317
Spain,ESP,2005,9.918
Spain,ESP,2006,11.722
Spain,ESP,2007,14.82
Spain,ESP,2008,16.555
Spain,ESP,2009,19.176
Spain,ESP,2010,20.693
Spain,ESP,2011,21.529
Spain,ESP,2012,22.789
Spain,ESP,2013,22.958
Spain,ESP,2014,22.925
Spain,ESP,2015,22.943
Spain,ESP,2016,22.99
Spain,ESP,2017,23.12448
Spain,ESP,2018,23.405054
Spain,ESP,2019,25.590076
Spain,ESP,2020,26.81919
Spain,ESP,2021,27.90765
Spain,ESP,2022,30.113764
Spain,ESP,2023,31.027763
Sri Lanka,LKA,2000,0.003
Sri Lanka,LKA,2001,0.003
Sri Lanka,LKA,2002,0.003
Sri Lanka,LKA,2003,0.003
Sri Lanka,LKA,2004,0.003
Sri Lanka,LKA,2005,0.003
Sri Lanka,LKA,2006,0.003
Sri Lanka,LKA,2007,0.003
Sri Lanka,LKA,2008,0.003
Sri Lanka,LKA,2009,0.003
Sri Lanka,LKA,2010,0.03385
Sri Lanka,LKA,2011,0.043849997
Sri Lanka,LKA,2012,0.07665
Sri Lanka,LKA,2013,0.08145
Sri Lanka,LKA,2014,0.12145
Sri Lanka,LKA,2015,0.13145
Sri Lanka,LKA,2016,0.13145
Sri Lanka,LKA,2017,0.13145
Sri Lanka,LKA,2018,0.12844999
Sri Lanka,LKA,2019,0.12844999
Sri Lanka,LKA,2020,0.179
Sri Lanka,LKA,2021,0.252
Sri Lanka,LKA,2022,0.252
Sri Lanka,LKA,2023,0.267
Sweden,SWE,2000,0.209
Sweden,SWE,2001,0.295
Sweden,SWE,2002,0.357
Sweden,SWE,2003,0.417
Sweden,SWE,2004,0.475
Sweden,SWE,2005,0.522
Sweden,SWE,2006,0.585
Sweden,SWE,2007,0.823
Sweden,SWE,2008,1.089
Sweden,SWE,2009,1.475
Sweden,SWE,2010,2.017
Sweden,SWE,2011,2.764
Sweden,SWE,2012,3.606
Sweden,SWE,2013,4.194
Sweden,SWE,2014,5.088
Sweden,SWE,2015,5.819
Sweden,SWE,2016,6.435
Sweden,SWE,2017,6.611
Sweden,SWE,2018,7.3
Sweden,SWE,2019,8.681
Sweden,SWE,2020,9.976
Sweden,SWE,2021,12.116
Sweden,SWE,2022,14.279
Sweden,SWE,2023,16.252
Switzerland,CHE,2000,0.003
Switzerland,CHE,2001,0.005
Switzerland,CHE,2002,0.005
Switzerland,CHE,2003,0.005
Switzerland,CHE,2004,0.009
Switzerland,CHE,2005,0.012
Switzerland,CHE,2006,0.012
Switzerland,CHE,2007,0.012
Switzerland,CHE,2008,0.014
Switzerland,CHE,2009,0.018
Switzerland,CHE,2010,0.042
Switzerland,CHE,2011,0.046
Switzerland,CHE,2012,0.049
Switzerland,CHE,2013,0.06
Switzerland,CHE,2014,0.06
Switzerland,CHE,2015,0.06
Switzerland,CHE,2016,0.075
Switzerland,CHE,2017,0.075
Switzerland,CHE,2018,0.075
Switzerland,CHE,2019,0.075
Switzerland,CHE,2020,0.087
Switzerland,CHE,2021,0.087
Switzerland,CHE,2022,0.087
Switzerland,CHE,2023,0.087
Syria,SYR,2004,0.0006
Syria,SYR,2005,0.0006
Syria,SYR,2006,0.0006
Syria,SYR,2007,0.0006
Syria,SYR,2008,0.0006
Syria,SYR,2009,0.0006
Syria,SYR,2010,0.0006
Syria,SYR,2011,0.0006
Syria,SYR,2012,0.0006
Syria,SYR,2013,0.0006
Syria,SYR,2014,0.0006
Syria,SYR,2015,0.0006
Syria,SYR,2016,0.0006
Syria,SYR,2017,0.0006
Syria,SYR,2018,0.0006
Syria,SYR,2019,0.0006
Syria,SYR,2020,0.0006
Syria,SYR,2021,0.0006
Syria,SYR,2022,0.0006
Syria,SYR,2023,0.0006
Taiwan,TWN,2000,0.0026
Taiwan,TWN,2001,0.005
Taiwan,TWN,2002,0.00854
Taiwan,TWN,2003,0.00854
Taiwan,TWN,2004,0.00854
Taiwan,TWN,2005,0.02394
Taiwan,TWN,2006,0.10199
Taiwan,TWN,2007,0.18599
Taiwan,TWN,2008,0.25039
Taiwan,TWN,2009,0.37429002
Taiwan,TWN,2010,0.47589
Taiwan,TWN,2011,0.52269
Taiwan,TWN,2012,0.57098997
Taiwan,TWN,2013,0.61419
Taiwan,TWN,2014,0.63719
Taiwan,TWN,2015,0.64669
Taiwan,TWN,2016,0.68209004
Taiwan,TWN,2017,0.69239
Taiwan,TWN,2018,0.713151
Taiwan,TWN,2019,0.845159
Taiwan,TWN,2020,0.937115
Taiwan,TWN,2021,1.033368
Taiwan,TWN,2022,1.5810549
Taiwan,TWN,2023,2.673822
Tanzania,TZA,2020,0.0024
Tanzania,TZA,2021,0.0024
Tanzania,TZA,2022,0.0024
Tanzania,TZA,2023,0.0024
Thailand,THA,2006,0.00034
Thailand,THA,2007,0.00094
Thailand,THA,2008,0.0010800001
Thailand,THA,2009,0.0050999997
Thailand,THA,2010,0.0056
Thailand,THA,2011,0.0073
Thailand,THA,2012,0.1117
Thailand,THA,2013,0.2227
Thailand,THA,2014,0.2245
Thailand,THA,2015,0.2339
Thailand,THA,2016,0.50704
Thailand,THA,2017,0.62782
Thailand,THA,2018,1.1028199
Thailand,THA,2019,1.50682
Thailand,THA,2020,1.50673
Thailand,THA,2021,1.545326
Thailand,THA,2022,1.545323
Thailand,THA,2023,1.545323
Tokelau,TKL,2019,0.000015
Tokelau,TKL,2020,0.000015
Tokelau,TKL,2021,0.000015
Tokelau,TKL,2022,0.000015
Tokelau,TKL,2023,0.000015
Tonga,TON,2013,0.000011
Tonga,TON,2014,0.000011
Tonga,TON,2015,0.000022
Tonga,TON,2016,0.000022
Tonga,TON,2017,0.000022
Tonga,TON,2018,0.000022
Tonga,TON,2019,0.0013969999
Tonga,TON,2020,0.0013969999
Tonga,TON,2021,0.0013969999
Tonga,TON,2022,0.0013969999
Tonga,TON,2023,0.0013969999
Trinidad and Tobago,TTO,2015,0.00001
Trinidad and Tobago,TTO,2016,0.00001
Trinidad and Tobago,TTO,2017,0.00001
Trinidad and Tobago,TTO,2018,0.00001
Trinidad and Tobago,TTO,2019,0.00001
Trinidad and Tobago,TTO,2020,0.00001
Trinidad and Tobago,TTO,2021,0.00001
Trinidad and Tobago,TTO,2022,0.00001
Trinidad and Tobago,TTO,2023,0.00001
Tunisia,TUN,2000,0.01065
Tunisia,TUN,2001,0.01065
Tunisia,TUN,2002,0.01065
Tunisia,TUN,2003,0.01937
Tunisia,TUN,2004,0.01937
Tunisia,TUN,2005,0.01937
Tunisia,TUN,2006,0.01937
Tunisia,TUN,2007,0.01937
Tunisia,TUN,2008,0.01937
Tunisia,TUN,2009,0.053689998
Tunisia,TUN,2010,0.053689998
Tunisia,TUN,2011,0.053689998
Tunisia,TUN,2012,0.173
Tunisia,TUN,2013,0.2
Tunisia,TUN,2014,0.233
Tunisia,TUN,2015,0.24
Tunisia,TUN,2016,0.24
Tunisia,TUN,2017,0.24
Tunisia,TUN,2018,0.245
Tunisia,TUN,2019,0.245
Tunisia,TUN,2020,0.245
Tunisia,TUN,2021,0.245
Tunisia,TUN,2022,0.245
Tunisia,TUN,2023,0.245
Turkey,TUR,2000,0.019
Turkey,TUR,2001,0.019
Turkey,TUR,2002,0.019
Turkey,TUR,2003,0.019
Turkey,TUR,2004,0.019
Turkey,TUR,2005,0.021
Turkey,TUR,2006,0.059
Turkey,TUR,2007,0.146
Turkey,TUR,2008,0.364
Turkey,TUR,2009,0.792
Turkey,TUR,2010,1.32
Turkey,TUR,2011,1.729
Turkey,TUR,2012,2.261
Turkey,TUR,2013,2.76
Turkey,TUR,2014,3.63
Turkey,TUR,2015,4.503
Turkey,TUR,2016,5.751
Turkey,TUR,2017,6.51615
Turkey,TUR,2018,7.0053864
Turkey,TUR,2019,7.5911555
Turkey,TUR,2020,8.832395
Turkey,TUR,2021,10.606975
Turkey,TUR,2022,11.39616
Turkey,TUR,2023,11.69716
Ukraine,UKR,2000,0.005
Ukraine,UKR,2001,0.036229998
Ukraine,UKR,2002,0.04623
Ukraine,UKR,2003,0.0544
Ukraine,UKR,2004,0.0714
Ukraine,UKR,2005,0.0766
Ukraine,UKR,2006,0.0766
Ukraine,UKR,2007,0.082
Ukraine,UKR,2008,0.083
Ukraine,UKR,2009,0.086
Ukraine,UKR,2010,0.088
Ukraine,UKR,2011,0.146
Ukraine,UKR,2012,0.248
Ukraine,UKR,2013,0.362
Ukraine,UKR,2014,0.51390004
Ukraine,UKR,2015,0.51390004
Ukraine,UKR,2016,0.526
Ukraine,UKR,2017,0.553
Ukraine,UKR,2018,0.62077004
Ukraine,UKR,2019,1.2577701
Ukraine,UKR,2020,1.402
Ukraine,UKR,2021,1.761
Ukraine,UKR,2022,1.761
Ukraine,UKR,2023,1.761
United Arab Emirates,ARE,2013,0.00085
United Arab Emirates,ARE,2014,0.0017
United Arab Emirates,ARE,2015,0.0017
United Arab Emirates,ARE,2021,0.000015
United Arab Emirates,ARE,2022,0.000015
United Arab Emirates,ARE,2023,0.103515
United Kingdom,GBR,2000,0.435
United Kingdom,GBR,2001,0.494
United Kingdom,GBR,2002,0.535
United Kingdom,GBR,2003,0.742
United Kingdom,GBR,2004,0.933
United Kingdom,GBR,2005,1.565
United Kingdom,GBR,2006,1.955
United Kingdom,GBR,2007,2.477
United Kingdom,GBR,2008,3.446
United Kingdom,GBR,2009,4.419
United Kingdom,GBR,2010,5.421
United Kingdom,GBR,2011,6.596
United Kingdom,GBR,2012,9.03
United Kingdom,GBR,2013,11.282
United Kingdom,GBR,2014,13.074
United Kingdom,GBR,2015,14.305
United Kingdom,GBR,2016,16.126
United Kingdom,GBR,2017,19.585
United Kingdom,GBR,2018,21.605648
United Kingdom,GBR,2019,23.886917
United Kingdom,GBR,2020,24.45797
United Kingdom,GBR,2021,25.74829
United Kingdom,GBR,2022,28.762173
United Kingdom,GBR,2023,30.215172
United States,USA,2000,2.377
United States,USA,2001,3.8636398
United States,USA,2002,4.4166403
United States,USA,2003,5.99519
United States,USA,2004,6.4557996
United States,USA,2005,8.70641
United States,USA,2006,11.32879
United States,USA,2007,16.5151
United States,USA,2008,24.6513
United States,USA,2009,34.2958
United States,USA,2010,39.349697
United States,USA,2011,45.794968
United States,USA,2012,59.4533
United States,USA,2013,60.198166
United States,USA,2014,64.43018
United States,USA,2015,72.76724
United States,USA,2016,81.50236
United States,USA,2017,87.83077
United States,USA,2018,94.66618
United States,USA,2019,103.835556
United States,USA,2020,118.663536
United States,USA,2021,133.01929
United States,USA,2022,141.6739
United States,USA,2023,148.01987
United States Virgin Islands,VIR,2013,0.000100000005
United States Virgin Islands,VIR,2014,0.000100000005
United States Virgin Islands,VIR,2015,0.000100000005
United States Virgin Islands,VIR,2016,0.000100000005
United States Virgin Islands,VIR,2017,0.000100000005
United States Virgin Islands,VIR,2018,0.000100000005
United States Virgin Islands,VIR,2019,0.000100000005
United States Virgin Islands,VIR,2020,0.000100000005
United States Virgin Islands,VIR,2021,0.000100000005
United States Virgin Islands,VIR,2022,0.000100000005
United States Virgin Islands,VIR,2023,0.000100000005
Upper-middle-income countries,,2000,0.465528
Upper-middle-income countries,,2001,0.554441
Upper-middle-income countries,,2002,0.636801
Upper-middle-income countries,,2003,0.75275904
Upper-middle-income countries,,2004,1.035299
Upper-middle-income countries,,2005,1.3532591
Upper-middle-income countries,,2006,2.711022
Upper-middle-income countries,,2007,4.976967
Upper-middle-income countries,,2008,9.546794
Upper-middle-income countries,,2009,19.804358
Upper-middle-income countries,,2010,32.819942
Upper-middle-income countries,,2011,50.647934
Upper-middle-income countries,,2012,68.514565
Upper-middle-income countries,,2013,85.38279
Upper-middle-income countries,,2014,110.29161
Upper-middle-income countries,,2015,149.72247
Upper-middle-income countries,,2016,172.6946
Upper-middle-income countries,,2017,192.76819
Upper-middle-income countries,,2018,217.95865
Upper-middle-income countries,,2019,248.9811
Upper-middle-income countries,,2020,326.69492
Upper-middle-income countries,,2021,380.90533
Upper-middle-income countries,,2022,423.29346
Upper-middle-income countries,,2023,506.01074
Uruguay,URY,2000,0.00015
Uruguay,URY,2001,0.00015
Uruguay,URY,2002,0.00015
Uruguay,URY,2003,0.00015
Uruguay,URY,2004,0.00015
Uruguay,URY,2005,0.00015
Uruguay,URY,2006,0.00015
Uruguay,URY,2007,0.00015
Uruguay,URY,2008,0.0146
Uruguay,URY,2009,0.0306
Uruguay,URY,2010,0.040599998
Uruguay,URY,2011,0.043605
Uruguay,URY,2012,0.052605
Uruguay,URY,2013,0.059417
Uruguay,URY,2014,0.48126802
Uruguay,URY,2015,0.856756
Uruguay,URY,2016,1.2114561
Uruguay,URY,2017,1.513168
Uruguay,URY,2018,1.513168
Uruguay,URY,2019,1.5164881
Uruguay,URY,2020,1.5164881
Uruguay,URY,2021,1.5164881
Uruguay,URY,2022,1.51649
Uruguay,URY,2023,1.516479
Uzbekistan,UZB,2017,0.00075
Uzbekistan,UZB,2018,0.00075
Uzbekistan,UZB,2019,0.00075
Uzbekistan,UZB,2020,0.00075
Uzbekistan,UZB,2021,0.00075
Uzbekistan,UZB,2022,0.00075
Uzbekistan,UZB,2023,0.00075
Vanuatu,VUT,2008,0.003025
Vanuatu,VUT,2009,0.003025
Vanuatu,VUT,2010,0.003025
Vanuatu,VUT,2011,0.003025
Vanuatu,VUT,2012,0.003025
Vanuatu,VUT,2013,0.003025
Vanuatu,VUT,2014,0.003575
Vanuatu,VUT,2015,0.003575
Vanuatu,VUT,2016,0.003575
Vanuatu,VUT,2017,0.0033
Vanuatu,VUT,2018,0.0034
Vanuatu,VUT,2019,0.0034
Vanuatu,VUT,2020,0.0034
Vanuatu,VUT,2021,0.0034
Vanuatu,VUT,2022,0.00313
Vanuatu,VUT,2023,0.00313
Venezuela,VEN,2012,0.019
Venezuela,VEN,2013,0.043
Venezuela,VEN,2014,0.043
Venezuela,VEN,2015,0.043
Venezuela,VEN,2016,0.043
Venezuela,VEN,2017,0.043
Venezuela,VEN,2018,0.043
Venezuela,VEN,2019,0.043
Venezuela,VEN,2020,0.043
Venezuela,VEN,2021,0.043
Venezuela,VEN,2022,0.043
Venezuela,VEN,2023,0.043
Vietnam,VNM,2008,0.0013
Vietnam,VNM,2009,0.0088
Vietnam,VNM,2010,0.031
Vietnam,VNM,2011,0.031
Vietnam,VNM,2012,0.031
Vietnam,VNM,2013,0.053
Vietnam,VNM,2014,0.053
Vietnam,VNM,2015,0.136
Vietnam,VNM,2016,0.1602
Vietnam,VNM,2017,0.2047
Vietnam,VNM,2018,0.2367
Vietnam,VNM,2019,0.37454998
Vietnam,VNM,2020,0.518
Vietnam,VNM,2021,4.118
Vietnam,VNM,2022,5.065
Vietnam,VNM,2023,5.888
World,OWID_WRL,2000,16.956676
World,OWID_WRL,2001,23.947906
World,OWID_WRL,2002,30.711985
World,OWID_WRL,2003,38.645058
World,OWID_WRL,2004,47.65721
World,OWID_WRL,2005,58.382656
World,OWID_WRL,2006,73.13562
World,OWID_WRL,2007,91.52378
World,OWID_WRL,2008,115.54099
World,OWID_WRL,2009,150.12074
World,OWID_WRL,2010,181.07582
World,OWID_WRL,2011,220.20523
World,OWID_WRL,2012,267.27118
World,OWID_WRL,2013,299.9143
World,OWID_WRL,2014,349.41772
World,OWID_WRL,2015,416.33478
World,OWID_WRL,2016,466.95648
World,OWID_WRL,2017,515.0448
World,OWID_WRL,2018,563.8396
World,OWID_WRL,2019,622.7734
World,OWID_WRL,2020,733.71906
World,OWID_WRL,2021,824.602
World,OWID_WRL,2022,901.2308
World,OWID_WRL,2023,1017.1988